start,g_mean,t1,t2
0,1.449805458303269,1.7758167445985513,2.208680785459822
1,1.5126404837784653,1.813660139077036,2.213550077694789
2,1.310922232488825,1.5806950491561174,1.9957714311618344
3,1.2684364639089396,1.5507897651642175,1.9914563558958196
4,1.3044942507299966,1.6056438739382346,1.9849963512565938
5,1.1528715485742378,1.41305165350258,1.874302551535264
6,1.1492120114559432,1.379279812875487,1.6838247275476503
7,1.128130245865029,1.3532952794871451,1.67146081922585
8,1.3486193606494776,1.6061294963809323,1.749090150151741
9,1.3143748858954525,1.5722563483172363,1.763721247898087
10,1.3397843063254684,1.5940807499049328,1.6995774619630177
11,1.217918454315288,1.4417163773950208,1.5494796411666356
12,1.2787664771307803,1.517917590677905,1.607128660950259
13,1.45023838703477,1.7344155886315056,1.6920349292317105
14,1.3519855156995977,1.606700476851294,1.6065512299561482
15,1.2186809959571023,1.4461832768096918,1.5109540369672958
16,1.1661100363999832,1.3993924236015167,1.4887808701035015
17,1.1791427784429471,1.3767037572227465,1.2489601403695616
18,1.20449712964512,1.4292763664010801,0.989715778260905
19,1.6369818893508026,1.9394516470785523,1.3325035781697359
20,1.8427470929404186,2.1422490750432006,1.3380008521393691
21,1.8961097747282878,2.2040416659731528,1.610065540413953
22,1.9391096202913276,2.209308153634765,1.4795962640688156
23,2.094343286447429,2.3458080790879143,1.328199813099498
24,1.2097735431141063,1.3640502733366058,0.7126763021820196
25,0.9995824090237289,1.1122191525034641,0.49242201013452125
26,0.6356745860219285,0.7001905203076361,0.1050116459664306
27,0.38885757703843254,0.42664167002880343,-0.05756046896360802
28,0.3671195759913692,0.3956871021841661,0.07777035841072649
29,-0.4983624277123012,-0.5473754229171313,-0.6315815535609376
30,-0.585600722715395,-0.6478147554177145,-0.7704401551188074
31,-0.42570275944677316,-0.46154765085745186,-0.5384483737124214
32,-0.6519690720305624,-0.694550728124289,-0.7705842028282786
33,-0.8300250710009933,-0.8818768545886342,-0.9490444724128692
34,-0.7371530648550941,-0.7641623110204032,-0.9534421783098417
35,-0.7629780373812446,-0.7903265879658529,-0.9774264460638729
36,-0.918116394061422,-0.9323333180612431,-1.1130480193867074
37,-0.8967275088726822,-0.9028461844083733,-1.0735299134865575
38,-0.9211462425653386,-0.9451356410441074,-1.0440565243241398
39,-1.0334417975208563,-1.0471278482755553,-1.3132713452297868
40,-0.9793275037101017,-0.98585062026187,-1.269250886644803
41,-1.0348563091249914,-1.0482896156858688,-1.3451883649314649
42,-1.1829177255726726,-1.1870251300317147,-1.4988812838411636
43,-1.188205000777763,-1.1771741714422579,-1.4494429369559618
44,-1.6161163439785582,-1.626476779514384,-1.715512726365134
45,-1.6942353479377166,-1.7099292352907591,-1.9136614344736593
46,-1.4508633666405306,-1.4745423269790714,-1.7256630275564986
47,-1.674121461312559,-1.7257803946859989,-1.9416416013766562
48,-1.8390876788669575,-1.8604013344125223,-2.061266970802583
49,-1.742460362975051,-1.7894732450125588,-1.8934475272099909
50,-1.8669599283845641,-1.9190883782730128,-2.1142965503547733
51,-1.6935500961085068,-1.7438873227843725,-1.9438267533089748
52,-1.819991167492795,-1.8438268438406844,-2.0916101709690507
53,-1.8893266677913778,-1.9257926974458837,-2.13580903219946
54,-1.530393766558744,-1.53103257823159,-1.7627112780623164
55,-1.5203886076208943,-1.5110707660260834,-1.7460325393926697
56,-1.6562166122293998,-1.6231011039029006,-1.5491507580152455
57,-1.6238887946274276,-1.5808522078274252,-1.3655142426864166
58,-1.5674808184955937,-1.5339695197345469,-1.5322976155374508
59,-1.2633529615791428,-1.2374198657547193,-1.5422439759307403
60,-1.1082427380305153,-1.107763666811937,-1.6082054277778706
61,-0.8276938858535676,-0.8293723795692475,-1.4733948064930662
62,-0.9144297208822602,-0.9029198397740305,-1.6566477706362857
63,-0.977508393738634,-0.9824743126058819,-1.6839387617378245
64,-1.0307120091419868,-1.0429166072998974,-1.7267040709705574
65,-1.088533191507461,-1.095122600623227,-1.7369151529407165
66,-1.1473648576696225,-1.1556466212361045,-1.6187794805580222
67,-1.3322850784718705,-1.3304171006778227,-1.5504455462316238
68,-1.3676686814527281,-1.3874097272383095,-1.7220564676346795
69,-1.706702887984917,-1.7343850172874296,-2.0464425292670065
70,-1.8566070847497218,-1.909345709575714,-2.1112966165413485
71,-1.7177692044711093,-1.7862726543218272,-2.1060298902545775
72,-1.6876913234772783,-1.7578300761919035,-2.0109980704250017
73,-1.8596765136726938,-1.910920219031095,-2.0744600482054993
74,-1.9063040735705856,-1.9699034366530974,-1.9721259844295882
75,-1.6771482168432141,-1.7733456274097816,-1.7791538650583958
76,-1.7803506150258601,-1.8984205324328791,-1.8476899350353477
77,-1.485323880784497,-1.596302924248258,-1.7575150989108135
78,-1.539820649291653,-1.6645325290432487,-1.8384538339493695
79,-1.502484248288595,-1.6181940630728617,-1.6907947892435404
80,-1.772455739816845,-1.9133433094748633,-1.908194969952578
81,-1.591159352347546,-1.7109501456467595,-1.8724902925570304
82,-1.2189112537121447,-1.3165958090134073,-1.5258343751592207
83,-1.073257686459495,-1.161200639186997,-1.4510258103556875
84,-1.211453782644095,-1.323431330977748,-1.4594616778901779
85,-1.1826077465270741,-1.3107128055274426,-1.477863563413935
86,-1.3899421939713237,-1.53848287526779,-1.5736963519808678
87,-1.3976447031170969,-1.5392657964590202,-1.601483308094174
88,-1.65101821351463,-1.8112158445242723,-1.9359376167840912
89,-1.9130497637631747,-2.1222898752213286,-2.0782435356843476
90,-2.071383110863257,-2.3242675654623604,-2.2154247756905416
91,-2.1546708288844383,-2.458194675613492,-2.2822141239518743
92,-1.94091040739327,-2.2570114907069656,-2.259875402939167
93,-1.7813201747758896,-2.056619904311292,-2.0643735107549825
94,-1.6332805209899413,-1.903421724621171,-2.0939212040236854
95,-1.4869984196997519,-1.7203648541566492,-1.9113661345010982
96,-1.6076370431529448,-1.8724273195103445,-1.9376844820851022
97,-1.6332756471779732,-1.8899278061719091,-1.9571543595206236
98,-2.0209766304019174,-2.333226122803369,-2.4162395499952325
99,-1.9400700648496318,-2.235927448567782,-2.4706916744673464
100,-2.085009700805241,-2.408658935617071,-2.5268266886517794
101,-2.093195032792913,-2.432438812394021,-2.5384146542706287
102,-2.121062722606907,-2.45561893041785,-2.462943225375902
103,-2.271673930681727,-2.617118471695107,-2.4933080383482142
104,-2.2779290805701065,-2.6638373321004867,-2.5566480501341746
105,-2.284331650773987,-2.6734741581676977,-2.6649859153864632
106,-2.1690701542627275,-2.543199197548345,-2.5074563989275975
107,-2.190511119098303,-2.561012283884198,-2.372857005206245
108,-2.393492737418586,-2.8039806063456982,-2.3306447742141883
109,-2.8359200401680504,-3.3171639471833263,-2.690735084275348
110,-3.050568545233211,-3.5513589802086196,-2.7685379516130895
111,-3.0800675119550087,-3.5307713077562983,-2.995899993170852
112,-3.1618877568510224,-3.582464499332659,-2.845607239739692
113,-3.259541592899701,-3.726880214842497,-2.705223839374178
114,-2.2510597062839928,-2.6586480872324367,-1.824100409720146
115,-2.103680324267828,-2.5152258978691133,-1.6922592019164313
116,-1.9008124746231891,-2.2459595465277853,-1.525688102899803
117,-1.5491041598969877,-1.8580993448232515,-1.2725656046241525
118,-1.4339802260654135,-1.7491439415205612,-1.2128741359486985
119,-1.0243009113731971,-1.288903845611502,-0.9623461891101349
120,-0.9939028919091426,-1.252651557058728,-0.8935810778268506
121,-1.1730960856266044,-1.4471347949137694,-1.0980065747331498
122,-0.9228120791476816,-1.1330660561655175,-0.764117013425552
123,-0.9038946364719617,-1.1054054347108349,-0.757724247535849
124,-0.8583795264461835,-1.050266061759567,-0.5322893942722331
125,-0.8014614192062165,-0.9991131329261785,-0.42202300112548735
126,-0.5618319518342058,-0.695362512612155,-0.1693478742464832
127,-0.6944630278062325,-0.8672979672400216,-0.43145363520034336
128,-0.6391696568195049,-0.8246294377093697,-0.5597887622966577
129,-0.5097274547263291,-0.6721155771030792,-0.6015636702726453
130,-0.5159791566569356,-0.6821452344381913,-0.6520823543738361
131,-0.7280500723209359,-0.9634173760514178,-0.8233305796678239
132,-0.6460766797619936,-0.8613285338230711,-0.993147160513995
133,-0.7002392418419882,-0.9380273419853543,-1.0543787545916559
134,-0.37141218606778076,-0.5036657779425696,-0.9116569035875361
135,-0.22875700886088726,-0.31544060871917273,-0.7528622806377109
136,-0.2666367078522971,-0.3670148340843664,-0.8172730497977927
137,-0.04656652801382286,-0.06424065248274649,-0.47626529478741925
138,0.03826091430503914,0.05323099655043277,-0.48284344531457607
139,-0.08017327004277429,-0.11222388199441811,-0.6893405450171555
140,-0.07067490050571408,-0.09895285396510248,-0.5949252052458818
141,-0.06688480271122649,-0.09206384099730232,-0.744510151276556
142,0.1282364129197615,0.17397429756614471,-0.4424765873163939
143,0.16888860552551252,0.22588784482690746,-0.24005928683219277
144,0.1269249006111946,0.17466827869787752,-0.35370305665459023
145,-0.19434317871773912,-0.2734921736667154,-0.6027135132063759
146,0.21787472673890032,0.3052824188736867,-0.5301688726735271
147,0.08868682010640899,0.12310639214900276,-0.8787539175795638
148,0.12029471573759648,0.1685274863760956,-0.8148813393373365
149,-0.1908817829477998,-0.268300705558052,-1.14283236950678
150,-0.34807783440003703,-0.4759786822570576,-1.0906280583449965
151,-0.7493260510696104,-0.9355568405325226,-1.2967577549717124
152,-0.9871923376745664,-1.157941883528002,-1.1423960049400892
153,-1.1230038582491961,-1.231188556021708,-1.3283106360111097
154,-1.1812530786211581,-1.1957202807205496,-1.333842621917591
155,-1.2463994222713894,-1.3850252736644304,-1.5515688632924167
156,-1.2696321813006493,-1.3291957581875142,-1.4319884230208966
157,-1.3892894959705433,-1.4003911696527098,-1.544553477943436
158,-1.170785824623442,-1.1867561130546287,-1.3031945596747356
159,-1.0317333688704229,-1.0299391873987416,-1.1122619197532333
160,-0.9393691653359005,-0.9272026689999712,-1.088491718760486
161,-1.0934114080555581,-1.0535875687480882,-1.2321285259691195
162,-1.0489580337965474,-0.9927003998637586,-1.1667431807969546
163,-0.9493112083612254,-0.8372793618257376,-0.9983416503486989
164,-1.0481424899657688,-0.8434311734507632,-1.0667381307364554
165,-1.3245739284415399,-1.068489962974108,-1.1772770445395306
166,-1.3171435173254975,-1.110805088607876,-1.2619467191574714
167,-1.2911324278818572,-1.1346596418041617,-1.239483971161023
168,-1.3749643553147723,-1.1992599719280195,-1.3443276396613713
169,-1.4391651273708448,-1.240424060962601,-1.4905581356279258
170,-1.348666541504057,-1.169155308624075,-1.5412358951205918
171,-1.4553733030191576,-1.272548546083292,-1.6589406282546657
172,-1.3855844794641836,-1.2461296724646276,-1.7100699811732014
173,-1.1624976109039247,-1.0629243486646305,-1.5303521075743016
174,-1.2544684901007181,-1.0884616331874661,-1.6061933770111094
175,-1.2849416771321935,-1.153423555935059,-1.6640393280065364
176,-1.1848243054909102,-1.0570104943166319,-1.6422928053475347
177,-1.325778022192366,-1.1623879023838701,-1.7269354622698037
178,-1.3739677220354105,-1.1797719544234535,-1.7061320181798967
179,-1.1534779429253428,-1.0181019463830234,-1.7016343187128364
180,-1.1001975843816127,-0.9521714354482592,-1.6443175296525916
181,-1.0917479650715196,-0.924300009547235,-1.663690131653937
182,-1.1642335621169897,-0.9746043107748229,-1.5810860641489848
183,-1.244246952700855,-1.0588904851466971,-1.7227487490588793
184,-1.4534062140280941,-1.2205922648080991,-1.831509185962629
185,-1.4848009973771827,-1.269864457081964,-1.9927237681177619
186,-1.3854305160876381,-1.2103459535006114,-1.9800912517931477
187,-1.5347535374002272,-1.3345302893900572,-2.066391728074742
188,-1.3125761861525505,-1.164191648642465,-1.86493931086353
189,-1.4874572756426425,-1.292459883095195,-1.9080683309004625
190,-1.4466058661547525,-1.278302711329864,-1.8988595572572764
191,-1.4759694576775904,-1.2966272444435047,-1.924312381500184
192,-1.4693368166972507,-1.2563846235229639,-1.8449336401072252
193,-1.4332267490438075,-1.238143356830659,-1.8461520888773113
194,-1.417682292122247,-1.2145131838077154,-1.8400455281043877
195,-1.2973631456994157,-1.108900321611834,-1.7353211264429709
196,-1.6027008914003544,-1.2887176878511475,-1.9274921298224785
197,-1.5305437378888944,-1.2408243643988188,-1.878986224675034
198,-1.415606497136747,-1.1375482666050034,-1.802716703121895
199,-1.3498639814394655,-1.1250612113642071,-1.755056378212842
200,-1.2343873545971906,-1.0269513168508304,-1.6857814162771465
201,-1.2562133896855394,-1.0355894908407584,-1.7041041497393696
202,-1.251908011639159,-1.0477785098853938,-1.7445415173937384
203,-1.396160339223188,-1.1562066271872915,-1.7790864854987025
204,-1.2202385724503024,-0.9961238718637896,-1.6948896272187486
205,-1.2939372904773612,-1.0455090177686137,-1.6797712925412538
206,-0.9124030150795747,-0.7439349998080603,-1.4032027669905338
207,-0.8284800073340103,-0.683172483470745,-1.3708278463723809
208,-0.6185500715096879,-0.5037891391015529,-1.2961730757160346
209,-0.6242518073835588,-0.49528705117806576,-1.2522757228164578
210,-0.6712288178965196,-0.5285323024491057,-1.2815338831019145
211,-0.6575197340799438,-0.517268702824179,-1.3104602153065203
212,-0.618561558856707,-0.48338529127003127,-1.305493296848305
213,-0.554025356868966,-0.445178611608799,-1.3677778405537508
214,-0.771624519406065,-0.6074737481929747,-1.5179604787034675
215,-0.7715041344548136,-0.6147623294886709,-1.47967354530925
216,-0.8746525093406399,-0.7034743919262916,-1.5954197016356013
217,-0.9082912195514456,-0.7259227716445048,-1.6003637042470342
218,-0.8638652252804947,-0.6988053835187987,-1.5478054600048794
219,-0.9399155661069475,-0.7573886892367799,-1.5789276206191423
220,-1.0008464183617358,-0.790407403411506,-1.553143476303602
221,-0.724458521279927,-0.5584120893371805,-1.2833210213989423
222,-0.7862492447516715,-0.6112984349470036,-1.184877140174696
223,-0.5960531722348429,-0.4570672997419542,-1.0252506825552206
224,-0.5569158160958786,-0.4263672151138071,-0.954152322122973
225,-0.631004168787321,-0.47595685631134316,-0.9338006722384903
226,-0.5604091184451202,-0.42883615221051086,-0.8070359570815825
227,-0.7307004249116775,-0.5531557525255163,-1.0001042418417008
228,-0.7688188171678004,-0.5753262120740548,-0.9666919333256108
229,-0.7125714465088853,-0.5323136719015766,-0.9517615799756135
230,-0.8188659417283638,-0.6224732808429533,-0.9994009491526857
231,-0.9655505040169824,-0.7167227811978459,-1.045548803330337
232,-1.1264321676234608,-0.8451076924116336,-1.132632333122232
233,-1.165961761738794,-0.8744812435026215,-1.2287378504151556
234,-1.208809169164776,-0.9202909736144977,-1.214788161512161
235,-1.2033912257805617,-0.855439412219689,-1.084950020506134
236,-1.541396566884795,-1.1515863567648184,-1.1869573522550199
237,-1.540530714199682,-1.1892089597204178,-1.2149381939235187
238,-1.764575219906945,-1.336779054235176,-1.3251353223466447
239,-1.3724537230068576,-1.061626804503001,-1.0765754379580719
240,-1.3494274498612104,-1.108980418233807,-1.1701834813122287
241,-0.9966457372002978,-0.9696117824511464,-1.2201476569060574
242,-0.7593899787587166,-0.7749745822579343,-1.1960059879925822
243,-0.6544184403700959,-0.6790129199937501,-1.1193562246267899
244,-0.5322798797934444,-0.5820868293226525,-1.0884491847802444
245,-0.4907304530855555,-0.51085023701152,-0.996504091009758
246,-0.44058872101594526,-0.48684184208138775,-1.0159264406342992
247,-0.3682130545823094,-0.4102114257879238,-0.946124872703401
248,-0.5083009712205563,-0.5676849710084112,-1.0234570537955965
249,-0.5196478140503441,-0.60125103171181,-1.2200332731011834
250,-0.48517606329536056,-0.5718707536850125,-1.0983876282640557
251,-0.4158921020366793,-0.4942915122460439,-1.0039126891533152
252,-0.493814716448204,-0.5851287565165185,-1.157605328891772
253,-0.47855593070136754,-0.5975253228626731,-1.2250304208342888
254,-0.26207515902292805,-0.3301902479283881,-1.0470890111187232
255,-0.19330929705863284,-0.2406162395529262,-1.0582033242595497
256,-0.2214272574475835,-0.27444181018942043,-1.0899895462217186
257,-0.34475274360600894,-0.42014325567832533,-1.228666661466375
258,-0.3595905302377727,-0.4301729636495805,-1.2359623464859884
259,-0.2203380428679241,-0.26728982384750455,-1.02484606212971
260,-0.12443590880483937,-0.15355530010258014,-0.8302746059733038
261,-0.12430784106269878,-0.1566519461251873,-0.8308220520451157
262,-0.24254559529920178,-0.3087331103068653,-0.975001458244766
263,-0.4135719492317199,-0.5098144390940387,-1.2289270671263113
264,-0.27371632254191314,-0.347134755880146,-1.1869886426336136
265,-0.08632877149602065,-0.11516790480141723,-0.9648614240150788
266,-0.19817549460533054,-0.26612350630049225,-1.0986877547741407
267,0.009152251399572328,0.012057834859542333,-0.7399846778029314
268,-0.07595536686364439,-0.09888453736124211,-0.7165167186832242
269,-0.13002104228312666,-0.1724343518911428,-0.736816374266228
270,-0.008132204924455043,-0.01065221422180695,-0.6917640242971653
271,-0.053897194532164946,-0.07035793494416341,-0.705608011981407
272,-0.008028635251375912,-0.009951773504895739,-0.5585784634358139
273,-0.05851048661743342,-0.07292304923179464,-0.5865964550623738
274,0.12608732425514851,0.16274834038107674,-0.4843773105855485
275,0.2055456549725739,0.25634310637799856,-0.2747021165326222
276,0.056444071738025584,0.06913378215228726,-0.5015212261754508
277,0.13135585641376304,0.16398892311844981,-0.35268858717373097
278,0.019246989669602536,0.024640557055083695,-0.5030838099412116
279,0.16113701189209714,0.21362046772180993,-0.5372027695384045
280,0.18321869450191522,0.25048778172439123,-0.6124437197339603
281,0.3123584621836612,0.4282848906383636,-0.2700876128083447
282,0.2535937369834959,0.34499642937677877,-0.4718926328568353
283,0.20199745928889593,0.27153868182651963,-0.5477033706285105
284,0.32884407980782066,0.46130634945697707,-0.41122160541237157
285,0.3046523879999533,0.43576293460266496,-0.31579352713618364
286,0.5599174508672732,0.7871005294272732,0.0793870000954676
287,0.5984554741826685,0.8238669166221005,0.1875631255420311
288,0.5791586568961034,0.7983724691551383,0.1265510068138044
289,0.5147135979676387,0.681702563380074,-0.04628404939434812
290,0.42565571455786566,0.5804998083109562,-0.13561624121490004
291,0.28663896834436775,0.38513772895822207,-0.3686418788323205
292,0.42544385732419965,0.5817330092379176,-0.1705376556807208
293,0.6812817163914267,0.9406170880198673,0.09635706479035022
294,0.6532043210051924,0.9123987078432251,0.0634149352734936
295,0.7152709387256401,0.9609643032177045,0.07559443450969987
296,0.43496058344070426,0.615592021704347,-0.3312998135491753
297,0.4015694369025206,0.5740658059723506,-0.2642536109161812
298,0.2669467276699102,0.36872430173885923,-0.2959586175571825
299,0.33104460858846985,0.4801134123673191,-0.27582104442133537
300,0.6054286467244383,0.9085638197447429,-0.012566502617997688
301,0.4802150082215901,0.7331165397984709,-0.16900820103356354
302,0.4480126413742094,0.6921261508819926,-0.23201073258512275
303,0.38698337195030996,0.5814500115906563,-0.18476436520982895
304,0.5058098133419238,0.7675838179605153,-0.12033667761414264
305,0.6047947401067331,0.9235649212202545,-0.04652772967625248
306,0.5129363986044595,0.7953842419206146,-0.14689128160634285
307,0.7261544168977444,1.1285671613516903,0.10939929510216725
308,0.4974705890308162,0.7456253852068782,-0.13182150276085294
309,0.7354029943365172,1.1437704901917893,0.16610519467818596
310,0.8776962584889973,1.403087541436805,0.2748779700156593
311,0.702887392698954,1.1161289692533256,-0.16416352905936768
312,0.721584340583686,1.157497832833321,-0.18954739972872264
313,0.6295145172194148,0.9773125787698625,-0.32066519660969245
314,0.536692003104777,0.826027989578716,-0.5884019334344275
315,0.3747494582920577,0.5890256533103247,-0.7428294137291104
316,0.3275375661463163,0.5156806012585853,-0.7903277482336493
317,0.42147735593927627,0.6630899014723567,-0.7306088430825725
318,0.5819092955343408,0.9597656361475373,-0.4641726289758534
319,0.41544367122791376,0.6636030021199388,-0.6381450660117005
320,0.7497987681710832,1.1989195471749214,-0.32949265075608214
321,0.6793659787458041,1.1227730100566304,-0.27724564158707976
322,0.633671163717596,1.043776692629951,-0.2263793553939236
323,0.5585905608259379,0.9153487859078148,-0.44341398353598144
324,0.3073918754363973,0.5021787116846719,-0.6565662500884184
325,0.6646534269285361,1.124335377635952,-0.32726017475262437
326,0.4827431453132688,0.8210590125081142,-0.2814326094919916
327,0.3203669851431696,0.5371826840389395,-0.544534719676465
328,0.5013390870271331,0.8765104112388689,-0.3222313668208329
