date,long,short,spot,n
2022Q2,3.0810231479933003,1.8190865660389077,829.0991423251448,16
2022Q3,2.204879205996402,4.844153531851995,678.6881070446249,17
2022Q4,7.634340433261082,5.246131981669572,-876.2067923180439,17
2023Q1,0.5774959820900902,2.8387223617176716,240.50855833616325,18
2023Q2,6.97672001222739,-0.38730162783649924,805.0073548296676,18
2023Q3,0.34611424440377114,1.331146523916181,312.8592442639366,18
2023Q4,-1.9154672037229445,3.292375715347429,-574.3938355908095,17
2024Q1,2.7124223974607355,-0.33265315982738347,684.9277004085952,18
2024Q2,6.431723254674004,-0.640643472454726,612.3839283696598,18
2024Q3,-10.406483013581813,5.296829098641906,-1278.7432561285782,18
2024Q4,-0.5730893634722299,5.731845169095685,797.0939789100839,17
2025Q1,-3.479157591517179,4.4076746798454245,-533.0071456105135,18
2025Q2,0.40320850539288244,3.4880153052791525,-403.27111544415925,18
2025Q3,-0.4124246281033016,-1.257773702112688,322.2979713526719,18
2025Q4,0.9920681599401293,4.886187605362968,597.3821965337222,16
2026Q1,1.252115636261782,0.5382683082771282,170.20057619022032,18
2026Q2,3.058338286472642,0.04401455398422232,225.1283719646491,18
2026Q3,2.443782080347271,2.2654282816668334,-473.5300035352097,15
