stock_id,stock_name,industry,shares_issued,paid_in_capital,par_value,listing_date,close,market_cap,weight,asof
2330,台積電,24,25932370067,259323700670,新台幣                 10.0000元,19940905,2460.0,63793630364820.0,0.4257702275400648,1150922
2454,聯發科,24,1604952613,16049526130,新台幣                 10.0000元,20010723,5180.0,8313654535340.0,0.05548683407667031,1150922
2308,台達電,28,2597543329,25975433290,新台幣                 10.0000元,19881219,1900.0,4935332325100.0,0.03293930060143542,1150922
2317,鴻海,31,14075746497,140757464970,新台幣                 10.0000元,19910618,253.0,3561163863741.0,0.023767851741646844,1150922
3711,日月光投控,24,4470572282,44705722820,新台幣                 10.0000元,20180430,693.0,3098106591426.0,0.020677323752094395,1150922
2881,富邦金,17,14007364952,156073549520,新台幣                 10.0000元,20011219,154.5,2164137885084.0,0.014443847677125206,1150922
2303,聯電,24,12570093899,125700938990,新台幣                 10.0000元,19850716,160.0,2011215023840.0,0.013423212841710015,1150922
3037,欣興,28,1641291596,16412915960,新台幣                 10.0000元,20020826,1120.0,1838246587520.0,0.012268790212553168,1150922
1303,南亞,03,7930821589,79308215890,新台幣                 10.0000元,19671115,231.5,1835985197853.5,0.01225369728889674,1150922
2383,台光電,28,358321114,3583211140,新台幣                 10.0000元,19981127,4860.0,1741440614040.0,0.011622689636051928,1150922
2408,南亞科,24,3450205894,34502058940,新台幣                 10.0000元,20000817,497.0,1714752329318.0,0.0114445671966523,1150922
2882,國泰金,17,14669210128,162025101280,新台幣                 10.0000元,20011231,112.0,1642951534336.0,0.010965355704184826,1150922
2382,廣達,25,4107627432,41076274320,新台幣                 10.0000元,19990108,342.0,1404808581744.0,0.009375946565179719,1150922
2891,中信金,17,19675932806,201759228060,新台幣                 10.0000元,20020517,69.6,1369444923297.5999,0.009139923112410738,1150922
3017,奇鋐,25,392670107,3926701070,新台幣                 10.0000元,20020927,3390.0,1331151662730.0,0.008884346965201703,1150922
2059,川湖,28,95297072,952970720,新台幣                 10.0000元,20080625,12670.0,1207413902240.0,0.008058498770987963,1150922
2327,國巨*,28,2058730688,5146826720,新台幣                  2.5000元,19931022,571.0,1175535222848.0,0.007845734698763386,1150922
2412,中華電,27,7757446545,77574465450,新台幣                 10.0000元,20001027,145.0,1124829749025.0,0.007507317195265245,1150922
3443,創意,24,134011911,1340119110,新台幣                 10.0000元,20061103,8375.0,1122349754625.0,0.007490765264077953,1150922
7769,鴻勁,24,179930000,1799300000,新台幣                 10.0000元,20251127,6155.0,1107469150000.0,0.00739144941732511,1150922
2887,台新新光金,17,25115061997,296061505490,新台幣                 10.0000元,20020218,42.9,1077436159671.2999,0.007191003807742576,1150922
2345,智邦,27,561117897,5611178970,新台幣                 10.0000元,19951115,1915.0,1074540772755.0,0.0071716794717685975,1150922
2360,致茂,31,425245742,4252457420,新台幣                 10.0000元,19961221,2440.0,1037599610480.0,0.0069251274731211765,1150922
2885,元大金,17,13864395944,138643959440,新台幣                 10.0000元,20020204,70.6,978826353646.3999,0.006532864126573769,1150922
3653,健策,28,147203878,1472038780,新台幣                 10.0000元,20091118,5830.0,858198608740.0,0.005727772738879898,1150922
3008,大立光,26,130798197,1307981970,新台幣                 10.0000元,20020311,6405.0,837762451785.0,0.005591378131032448,1150922
6505,台塑化,23,9525959652,95259596520,新台幣                 10.0000元,20031226,87.2,830663681654.4,0.005543999655211656,1150922
2884,玉山金,17,17723510471,177235104710,新台幣                 10.0000元,20020128,46.05,816167657189.5499,0.005447250566007458,1150922
2344,華邦電,24,4500000193,45000001930,新台幣                 10.0000元,19951018,171.0,769500033003.0,0.005135782401317163,1150922
8046,南電,28,646165487,6461654870,新台幣                 10.0000元,20060407,1165.0,752782792355.0,0.005024208513550679,1150922
2886,兆豐金,17,14833378282,148333782820,新台幣                 10.0000元,20020204,50.5,749085603241.0,0.004999532804685636,1150922
2357,華碩,25,742760280,7427602800,新台幣                 10.0000元,19961114,953.0,707850546840.0,0.00472432257999582,1150922
2890,永豐金,17,14782168721,147921687210,新台幣                 10.0000元,20020509,45.4,671110459933.4,0.004479112594726016,1150922
2883,凱基金,17,16974612475,185567548490,新台幣                 10.0000元,20011228,39.3,667102270267.5,0.004452361211926283,1150922
2301,光寶科,25,2316107763,23161077630,新台幣                 10.0000元,19951117,284.5,658932658573.5,0.004397835745826042,1150922
2880,華南金,17,14056134739,140561347390,新台幣                 10.0000元,20011219,46.55,654313072100.45,0.00436700379015079,1150922
2395,研華,25,869046008,8690460080,新台幣                 10.0000元,19991213,703.0,610939343624.0,0.004077519681203399,1150922
3231,緯創,25,3180052250,31800522500,新台幣                 10.0000元,20030819,180.5,573999431125.0,0.0038309760237870516,1150922
2892,第一金,17,14379468650,143794686500,新台幣                 10.0000元,20030102,39.9,573740799135.0,0.003829249867106491,1150922
4958,臻鼎-KY,28,1117534213,11175342130,新台幣                 10.0000元,20111226,489.0,546474230157.0,0.0036472678539868544,1150922
2368,金像電,28,522932973,5229329730,新台幣                 10.0000元,19980309,1040.0,543850291920.0,0.003629755215596005,1150922
2603,長榮,15,2165042996,21650429960,新台幣                 10.0000元,19870921,242.5,525022926530.0,0.0035040979736388075,1150922
6446,藥華藥,22,422434636,4224346360,新台幣                 10.0000元,20240125,1160.0,490024177760.0,0.0032705099940520854,1150922
3189,景碩,24,526910360,5269103600,新台幣                 10.0000元,20041101,909.0,478961517240.0,0.003196675796815422,1150922
3045,台灣大,27,3723431015,37234310150,新台幣                 10.0000元,20020826,123.0,457982014845.0,0.0030566548032254035,1150922
3665,貿聯-KY,31,199578405,1995784050,新台幣                 10.0000元,20110421,2245.0,448053519225.0,0.002990390227670081,1150922
5880,合庫金,17,16072960337,160729603370,新台幣                 10.0000元,20111201,27.05,434773577115.85004,0.0029017574920631455,1150922
1216,統一,02,5682015421,56820154210,新台幣                 10.0000元,19871228,74.6,423878350406.6,0.0028290407783635257,1150922
1301,台塑,03,6365740781,63657407810,新台幣                 10.0000元,19640727,64.6,411226854452.6,0.002744602406064411,1150922
2449,京元電子,24,1283882318,12838823180,新台幣                 10.0000元,20010509,317.0,406990694806.0,0.0027163295103800862,1150922
3481,群創,26,7989197337,79891973370,新台幣                 10.0000元,20061024,50.5,403454465518.5,0.0026927280765102397,1150922
6669,緯穎,25,185840791,1858407910,新台幣                 10.0000元,20190327,2115.0,393053272965.0,0.002623308636123071,1150922
1326,台化,03,5861186291,58611862910,新台幣                 10.0000元,19841220,66.5,389768888351.5,0.002601388059159165,1150922
2379,瑞昱,24,515512641,5155126410,新台幣                 10.0000元,19981026,755.0,389212043955.0,0.002597671578939332,1150922
4904,遠傳,27,3607705357,36077053570,新台幣                 10.0000元,20050824,105.5,380612915163.5,0.002540279438042733,1150922
2801,彰銀,17,12060197409,120601974090,新台幣                 10.0000元,19620215,28.35,341906596545.15,0.0022819464666923323,1150922
3034,聯詠,24,608511469,6085114690,新台幣                 10.0000元,20020826,557.0,338940888233.0,0.002262152793003275,1150922
6770,力積電,24,4712080856,47120808560,新台幣                 10.0000元,20211206,71.8,338327405460.8,0.0022580582980197203,1150922
2615,萬海,15,2806146293,28061462930,新台幣                 10.0000元,19960516,116.5,326916043134.5,0.0021818968018573973,1150922
3661,世芯-KY,24,86305114,863051140,新台幣                 10.0000元,20141028,3715.0,320623498510.0,0.002139899220887984,1150922
2002,中鋼,10,15734860997,157731289960,新台幣                 10.0000元,19741226,18.65,293455157594.05,0.0019585727996211805,1150922
2207,和泰車,12,557102768,5571027680,新台幣                 10.0000元,19970225,521.0,290250542128.0,0.0019371846163753661,1150922
3044,健鼎,28,525605898,5256058980,新台幣                 10.0000元,20020826,539.0,283301579022.0,0.0018908059797326593,1150922
2409,友達,26,7547098972,75470989720,新台幣                 10.0000元,20000908,36.65,276601177323.8,0.001846086286883423,1150922
2313,華通,28,1233820589,12338205890,新台幣                 10.0000元,19900724,222.0,273908170758.0,0.0018281126739736323,1150922
3036,文曄,29,1270562701,12705627010,新台幣                 10.0000元,20020826,205.0,260465353705.0,0.0017383928815319152,1150922
1590,亞德客-KY,05,199999998,1999999980,新台幣                 10.0000元,20101213,1260.0,251999997480.0,0.0016818935629398571,1150922
1519,華城,05,347468929,3474689290,新台幣                 10.0000元,19970416,712.0,247397877448.0,0.0016511781814513645,1150922
2376,技嘉,25,669888886,6698888860,新台幣                 10.0000元,19980924,366.5,245514276719.0,0.001638606689495277,1150922
5876,上海商銀,17,4910219171,49102191710,新台幣                 10.0000元,20181019,49.7,244037892798.7,0.0016287530361745958,1150922
4938,和碩,25,2675708703,26757087030,新台幣                 10.0000元,20100624,90.0,240813783270.0,0.001607234746028724,1150922
2337,旺宏,24,1981856638,19818566380,新台幣                 10.0000元,19950315,118.0,233859083284.0,0.0015608178204112558,1150922
2618,長榮航,15,5400444335,54004443350,新台幣                 10.0000元,20010917,42.5,229518884237.5,0.001531850546954178,1150922
2912,統一超,18,1039622255,10396222550,新台幣                 10.0000元,19970822,214.0,222479162570.0,0.0014848661712563323,1150922
6239,力成,24,759146634,7591466340,新台幣                 10.0000元,20041108,292.0,221670817128.0,0.0014794711275693201,1150922
2356,英業達,25,3587475066,35874750660,新台幣                 10.0000元,19961113,61.2,219553474039.2,0.0014653395968264656,1150922
2404,漢唐,31,190586698,1905866980,新台幣                 10.0000元,20000314,1140.0,217268835720.0,0.0014500915074568885,1150922
2609,陽明,15,3492104270,34921042700,新台幣                 10.0000元,19920420,60.8,212319939616.0,0.0014170616797417658,1150922
6515,穎崴,24,36444782,364447820,新台幣                 10.0000元,20210120,5765.0,210104168230.0,0.0014022732207404696,1150922
3702,大聯大,29,1751374307,17513743070,新台幣                 10.0000元,20051109,113.0,197905296691.0,0.0013208557456541746,1150922
6213,聯茂,28,363597218,3635972180,新台幣                 10.0000元,20080121,543.0,197433289374.0,0.0013177054834475814,1150922
3533,嘉澤,28,112534691,1125346910,新台幣                 10.0000元,20071210,1745.0,196373035795.0,0.001310629159291088,1150922
2834,臺企銀,17,10398326179,103983261790,新台幣                 10.0000元,19980103,18.25,189769452766.75,0.0012665556517568901,1150922
5871,中租-KY,20,1745649584,18956495840,新台幣                 10.0000元,20111213,108.0,188530155072.0,0.0012582843547878032,1150922
1101,台泥,01,7523181742,77231817420,新台幣                 10.0000元,19620209,24.55,184694111766.1,0.0012326819079311766,1150922
6805,富世達,28,68553896,685538960,新台幣                 10.0000元,20231109,2500.0,171384740000.0,0.001143852753470754,1150922
1802,台玻,08,2908060800,29080608000,新台幣                 10.0000元,19730720,58.8,170993975040.0,0.001141244717449251,1150922
3532,台勝科,24,387848300,3878483000,新台幣                 10.0000元,20071210,434.5,168520086350.0,0.0011247335368748507,1150922
6139,亞翔,31,235575724,2355757240,新台幣                 10.0000元,20030825,715.0,168436642660.0,0.0011241766185951588,1150922
6415,矽力*-KY,24,389452853,973632132,新台幣                  2.5000元,20131212,430.0,167464726790.0,0.0011176898762863545,1150922
1605,華新,06,4431332948,44313329480,新台幣                 10.0000元,19721103,37.0,163959319076.0,0.0010942941511728086,1150922
2324,仁寶,25,4407146625,44071466250,新台幣                 10.0000元,19920218,37.05,163284782456.25,0.0010897921717677702,1150922
1504,東元,05,2376440684,23764406840,新台幣                 10.0000元,19731105,68.6,163023830922.4,0.001088050534032014,1150922
8996,高力,05,93501537,935015370,新台幣                 10.0000元,20140214,1655.0,154745043735.0,0.0010327964109420242,1150922
6531,愛普*,24,163149082,815745410,新台幣                  5.0000元,20160531,934.0,152381242588.0,0.0010170199745413665,1150922
2492,華新科,28,485204774,4852047740,新台幣                 10.0000元,20010917,311.0,150898684714.0,0.0010071251151369956,1150922
2347,聯強,29,1667946968,16679469680,新台幣                 10.0000元,19951213,89.9,149948432423.2,0.0010007829594741084,1150922
6789,采鈺,24,318299119,3182991190,新台幣                 10.0000元,20220630,468.5,149123137251.5,0.0009952747902253459,1150922
1402,遠東新,04,5352875227,53528752270,新台幣                 10.0000元,19670414,27.85,149077575071.95,0.000994970699998104,1150922
2633,台灣高鐵,15,5628293058,56282930580,新台幣                 10.0000元,20161027,25.6,144084302284.80002,0.0009616446942731363,1150922
1560,中砂,05,150289456,1502894560,新台幣                 10.0000元,20050131,950.0,142774983200.0,0.0009529060618819425,1150922
7750,新代,05,71843000,718430000,新台幣                 10.0000元,20250917,1945.0,139734635000.0,0.0009326142280811045,1150922
2377,微星,25,844856199,8448561990,新台幣                 10.0000元,19981031,153.5,129685426546.5,0.0008655439932414241,1150922
910322,康師傅-DR,91,5620600000,916513457,美金0.0050元,20091216,23.05,129554830000.0,0.000864672368268817,1150922
3026,禾伸堂,28,165890318,1658903180,新台幣                 10.0000元,20020826,780.0,129394448040.0,0.0008636019500591616,1150922
6919,康霈*,22,1557200860,778600430,新台幣                  0.5000元,20241002,82.6,128624791035.99998,0.0008584651200050187,1150922
6526,達發,24,167505554,1675055540,新台幣                 10.0000元,20231019,764.0,127974243256.0,0.0008541232464553826,1150922
2610,華航,15,6144988558,61449885580,新台幣                 10.0000元,19930226,20.5,125972265439.0,0.0008407616844028753,1150922
1102,亞泥,01,3546562881,35465628810,新台幣                 10.0000元,19620608,35.45,125725654131.45001,0.0008391157559311919,1150922
2812,台中銀,17,6425074858,64250748580,新台幣                 10.0000元,19840515,19.25,123682691016.5,0.0008254806505870709,1150922
6442,光聖,27,81817552,818175520,新台幣                 10.0000元,20150714,1510.0,123544503520.0,0.000824558362241173,1150922
2451,創見,24,431345675,4313456750,新台幣                 10.0000元,20010503,285.0,122933517375.0,0.0008204805301991211,1150922
6257,矽格,24,483912325,4839123250,新台幣                 10.0000元,20030825,249.0,120494168925.0,0.0008041998774338451,1150922
2027,大成鋼,10,2584260615,25842606150,新台幣                 10.0000元,19961024,46.5,120168118597.5,0.0008020237585747161,1150922
6196,帆宣,31,220329529,2203295290,新台幣                 10.0000元,20040524,535.0,117876298015.0,0.0007867277334808042,1150922
2049,上銀,05,353792240,3537922400,新台幣                 10.0000元,20090626,331.0,117105231440.0,0.0007815814956948553,1150922
2474,可成,31,538821068,5388210680,新台幣                 10.0000元,20010917,210.0,113152424280.0,0.0007551997457566467,1150922
6285,啟碁,27,483441359,4834413590,新台幣                 10.0000元,20030922,233.5,112883557326.5,0.0007534052790784683,1150922
8210,勤誠,25,125619146,1256191460,新台幣                 10.0000元,20111201,898.0,112805993108.0,0.0007528876014549993,1150922
7610,聯友金屬-創,35,58305456,583054560,新台幣                 10.0000元,20250909,1905.0,111071893680.0,0.0007413139082223938,1150922
8464,億豐,38,293020200,2930202000,新台幣                 10.0000元,20151222,375.0,109882575000.0,0.0007333761802375558,1150922
5269,祥碩,24,74156359,741563590,新台幣                 10.0000元,20121212,1475.0,109380629525.0,0.0007300261053494944,1150922
3706,神達,25,1327212468,13272124680,新台幣                 10.0000元,20130912,79.3,105247948712.4,0.0007024438461197154,1150922
3406,玉晶光,26,112743063,1127430630,新台幣                 10.0000元,20051220,923.0,104061847149.0,0.0006945275897529522,1150922
5434,崇越,29,194007983,1940079830,新台幣                 10.0000元,20030825,534.0,103600262922.0,0.0006914468931342648,1150922
1503,士電,05,520972223,5209722230,新台幣                 10.0000元,19691215,197.0,102631527931.0,0.0006849813805872387,1150922
2455,全新,27,186983443,1869834430,新台幣                 10.0000元,20020124,547.0,102279943321.0,0.0006826348413082664,1150922
2838,聯邦銀,17,4607828961,48078289610,新台幣                 10.0000元,19980629,21.5,99068322661.5,0.000661199904134323,1150922
2542,興富發,14,2153083539,21530835390,新台幣                 10.0000元,19990503,45.45,97857646847.55,0.0006531196347745937,1150922
2105,正新,11,3241415536,32414155360,新台幣                 10.0000元,19871207,30.0,97242466080.0,0.0006490138070629532,1150922
2353,宏碁,25,3047853828,30478538280,新台幣                 10.0000元,19960918,31.4,95702610199.2,0.0006387365303975906,1150922
2354,鴻準,31,1414485192,14144851920,新台幣                 10.0000元,19961008,65.6,92790228595.2,0.0006192987688040382,1150922
2855,統一證,17,1601414478,16014144780,新台幣                 10.0000元,20020916,56.9,91120483798.2,0.0006081545900186813,1150922
9105,泰金寶-DR,91,10450002831,9383139832,泰銖1元,20030922,8.35,87257523638.84999,0.0005823724952136227,1150922
6781,AES-KY,28,85418780,854187800,新台幣                 10.0000元,20210322,1015.0,86700061700.0,0.0005786518934044493,1150922
6691,洋基工程,31,133546930,1335469300,新台幣                 10.0000元,20220103,635.0,84802300550.0,0.0005659858922373831,1150922
1717,長興,21,1184245483,11842454830,新台幣                 10.0000元,19940331,71.0,84081429293.0,0.0005611746670826968,1150922
1513,中興電,05,503112515,5031125150,新台幣                 10.0000元,19940308,166.0,83516677490.0,0.0005574054114016536,1150922
3006,晶豪科,24,298127841,2981278410,新台幣                 10.0000元,20020304,278.5,83028603718.5,0.0005541479187717547,1150922
2467,志聖,28,156855348,1568553480,新台幣                 10.0000元,20010917,528.0,82819623744.0,0.0005527531486233036,1150922
9945,潤泰新,20,2844225086,28442250860,新台幣                 10.0000元,19920430,28.95,82340316239.7,0.0005495541636462702,1150922
7799,禾榮科,22,158245000,1582450000,新台幣                 10.0000元,20250915,508.0,80388460000.0,0.000536527122066256,1150922
2385,群光,28,765721188,7657211880,新台幣                 10.0000元,19990105,104.0,79635003552.0,0.0005314984174530852,1150922
6005,群益證,17,2455297058,24552970580,新台幣                 10.0000元,20051121,32.4,79551624679.2,0.0005309419317751096,1150922
6409,旭隼,31,88253566,882535660,新台幣                 10.0000元,20140331,888.0,78369166608.0,0.0005230499927342952,1150922
3167,大量,05,89513491,895134910,新台幣                 10.0000元,20131021,864.0,77339656224.0,0.0005161788542218166,1150922
3023,信邦,28,240069014,2400690140,新台幣                 10.0000元,20020826,320.5,76942118987.0,0.0005135256187987001,1150922
3450,聯鈞,24,145681382,1456813820,新台幣                 10.0000元,20060412,526.0,76628406932.0,0.0005114318478018848,1150922
1476,儒鴻,04,274367111,2743671110,新台幣                 10.0000元,20010418,274.0,75176588414.0,0.0005017421484193487,1150922
2637,慧洋-KY,15,746409199,7464091990,新台幣                 10.0000元,20101201,100.5,75014124499.5,0.000500657834868793,1150922
8150,南茂,24,704523126,7045231260,新台幣                 10.0000元,20140411,105.5,74327189793.0,0.0004960731083903174,1150922
3005,神基,25,624570150,6245701500,新台幣                 10.0000元,20020225,118.5,74011562775.0,0.0004939665565840769,1150922
1229,聯華,02,1831879881,18318798810,新台幣                 10.0000元,19760719,39.95,73183601245.95001,0.000488440591584091,1150922
9904,寶成,37,2946787213,29467872130,新台幣                 10.0000元,19900119,24.6,72490965439.8,0.00048381781493538165,1150922
2441,超豐,24,568845921,5688459210,新台幣                 10.0000元,20001026,127.0,72243431967.0,0.0004821657317660256,1150922
6944,兆聯實業,35,99694286,996942860,新台幣                 10.0000元,20250528,722.0,71979274492.0,0.00048040269699916926,1150922
8039,台虹,28,263803994,2638039940,新台幣                 10.0000元,20091217,262.5,69248548425.0,0.00046217733731596577,1150922
8021,尖點,31,145042467,1450424670,新台幣                 10.0000元,20080121,477.0,69185256759.0,0.0004617549172893878,1150922
9910,豐泰,37,987482831,9874828310,新台幣                 10.0000元,19920218,68.6,67741322206.59999,0.00045211783691925507,1150922
6949,沛爾生醫*-創,22,1311601000,655800500,新台幣                  0.5000元,20240308,50.8,66629330800.0,0.00044469620514343177,1150922
2845,遠東銀,17,4865284731,48652847310,新台幣                 10.0000元,19981127,13.5,65681343868.5,0.00043836916889825284,1150922
2915,潤泰全,18,1104318772,11043187720,新台幣                 10.0000元,19770720,59.3,65486103179.6,0.0004370660972269489,1150922
2481,強茂,24,382114927,3821149270,新台幣                 10.0000元,20010917,171.0,65341652517.0,0.00043610200737766776,1150922
2606,裕民,15,845055712,8450557120,新台幣                 10.0000元,19901208,76.7,64815773110.4,0.00043259219310112844,1150922
2645,長榮航太,15,374570962,3745709620,新台幣                 10.0000元,20230314,172.5,64613490945.0,0.00043124212534205713,1150922
8454,富邦媒,36,264975275,2649752750,新台幣                 10.0000元,20141219,241.0,63859041275.0,0.00042620679178561216,1150922
2371,大同,05,2150834851,21508348510,新台幣                 10.0000元,19620209,29.45,63342086361.95,0.0004227565411932171,1150922
3030,德律,31,236216000,2362160000,新台幣                 10.0000元,20021029,268.0,63305888000.0,0.0004225149467782905,1150922
3042,晶技,28,342992971,3429929710,新台幣                 10.0000元,20020826,183.5,62939210178.5,0.0004200676726758271,1150922
2006,東和鋼鐵,10,730213818,7302138180,新台幣                 10.0000元,19880713,86.1,62871409729.799995,0.0004196151602179965,1150922
6278,台表科,26,292398353,2923983530,新台幣                 10.0000元,20100824,213.5,62427048365.5,0.00041664941210010356,1150922
2889,國票金,17,3665902186,36659021860,新台幣                 10.0000元,20020326,16.85,61770451834.100006,0.00041226716808957363,1150922
2646,星宇航空,15,3008735000,30087350000,新台幣                 10.0000元,20241025,20.3,61077320500.0,0.00040764108419769887,1150922
2634,漢翔,15,941867101,9418671010,新台幣                 10.0000元,20140825,63.1,59431814073.1,0.0003966586766784332,1150922
3583,辛耘,24,83858644,838586440,新台幣                 10.0000元,20130312,704.0,59036485376.0,0.0003940201814500725,1150922
6414,樺漢,25,151315037,1513150370,新台幣                 10.0000元,20140328,376.0,56894453912.0,0.0003797238760256958,1150922
2486,一詮,26,240482510,2404825100,新台幣                 10.0000元,20010919,233.5,56152666085.0,0.00037477304989960643,1150922
4919,新唐,24,419765268,4197652680,新台幣                 10.0000元,20100927,133.5,56038663278.0,0.00037401217454576603,1150922
2258,鴻華先進-創,12,1751267300,17512673000,新台幣                 10.0000元,20231120,30.9,54114159570.0,0.00036116768870962635,1150922
6472,保瑞,22,128019122,1280191220,新台幣                 10.0000元,20231219,420.0,53768031240.0,0.00035885756563026276,1150922
3035,智原,24,260550313,2605503130,新台幣                 10.0000元,20020826,203.0,52891713539.0,0.00035300886279240206,1150922
2597,潤弘,14,310716000,3107160000,新台幣                 10.0000元,20100326,168.5,52355646000.0,0.0003494310510774767,1150922
6214,精誠,30,272243066,2722430660,新台幣                 10.0000元,20101230,190.5,51862304073.0,0.0003461383978249087,1150922
2539,櫻花建,14,1455585149,14555851490,新台幣                 10.0000元,19970716,35.25,51309376502.25,0.0003424480592085752,1150922
2850,新產,17,315963300,3159633000,新台幣                 10.0000元,20000522,159.0,50238164700.0,0.0003352985978880747,1150922
6451,訊芯-KY,24,117737193,1177371930,新台幣                 10.0000元,20150126,425.0,50038307025.0,0.00033396471161645556,1150922
2206,三陽工業,12,773675604,7736756040,新台幣                 10.0000元,19960729,63.8,49360503535.2,0.0003294409285298178,1150922
8926,台汽電,23,830282000,8302820000,新台幣                 10.0000元,20030825,58.7,48737553400.0,0.00032528324665321955,1150922
1773,勝一,21,300000000,3000000000,新台幣                 10.0000元,20090227,162.0,48600000000.0,0.0003243651903820529,1150922
5522,遠雄,14,781596241,7815962410,新台幣                 10.0000元,20070806,61.9,48380807317.9,0.0003229022587758859,1150922
8028,昇陽半導體,24,183550260,1835502600,新台幣                 10.0000元,20180710,263.5,48365493510.0,0.0003228000516521213,1150922
1907,永豐餘,09,1660371495,16603714950,新台幣                 10.0000元,19770222,29.0,48150773355.0,0.0003213669705007748,1150922
2421,建準,28,286943669,2869436690,新台幣                 10.0000元,20000911,167.0,47919592723.0,0.00031982402914869,1150922
9917,中保科,20,451197093,4511970930,新台幣                 10.0000元,19931208,106.0,47826891858.0,0.00031920532680868366,1150922
6271,同欣電,24,209058024,2090580240,新台幣                 10.0000元,20071116,228.0,47665229472.0,0.0003181263628043111,1150922
4763,材料*-KY,21,989146670,989146670,新台幣                  1.0000元,20151109,48.05,47528497493.5,0.0003172137888488077,1150922
3090,日電貿,28,287567150,2875671500,新台幣                 10.0000元,20071231,164.5,47304796175.0,0.00031572076578782065,1150922
1319,東陽,12,591477068,5914770680,新台幣                 10.0000元,19941212,79.7,47140722319.6,0.00031462570720050504,1150922
1795,美時,22,266738229,2667382290,新台幣                 10.0000元,20191216,176.5,47079297418.5,0.0003142157463005153,1150922
1477,聚陽,04,246693713,2466937130,新台幣                 10.0000元,20030121,190.5,46995152326.5,0.00031365414673701134,1150922
2540,愛山林,14,944873965,9448739650,新台幣                 10.0000元,19891226,49.5,46771261267.5,0.00031215985731360856,1150922
2312,金寶,31,1505781211,15057812110,新台幣                 10.0000元,19891107,31.05,46754506601.55,0.00031204803364260735,1150922
1210,大成,02,894767222,8947672220,新台幣                 10.0000元,19780520,52.1,46617372266.200005,0.0003111327742847119,1150922
8112,至上,29,565293058,5952930580,新台幣                 10.0000元,20071231,82.2,46467089367.6,0.0003101297590374782,1150922
2352,佳世達,25,1580506505,15805065050,新台幣                 10.0000元,19960722,29.4,46466891247.0,0.00031012843674475935,1150922
2351,順德,24,193734061,1937340610,新台幣                 10.0000元,19960425,238.5,46205573548.5,0.0003083843551599002,1150922
2923,鼎固-KY,14,1740296982,17402969820,新台幣                 10.0000元,20121207,26.4,45943840324.799995,0.0003066375002846994,1150922
9941,裕融,20,575636346,6756363460,新台幣                 10.0000元,20010917,79.7,45878216776.200005,0.00030619951685187673,1150922
3563,牧德,26,63960858,639608580,新台幣                 10.0000元,20190402,711.0,45476170038.0,0.0003035161842021087,1150922
6116,彩晶,26,2858654851,28586548510,新台幣                 10.0000元,20040906,15.45,44166217447.95,0.00029477332368229317,1150922
6191,精成科,28,499303000,4993030000,新台幣                 10.0000元,20071019,84.3,42091242900.0,0.0002809245682443567,1150922
2464,盟立,31,216680434,2166804340,新台幣                 10.0000元,20010917,190.5,41277622677.0,0.0002754943197148899,1150922
4766,南寶,21,120570780,1205707800,新台幣                 10.0000元,20181128,342.0,41235206760.0,0.0002752112282129777,1150922
1722,台肥,21,980000000,9800000000,新台幣                 10.0000元,19980324,41.85,41013000000.0,0.00027372818010574357,1150922
7795,長廣,28,78828500,788285000,新台幣                 10.0000元,20260116,505.0,39808392500.0,0.0002656884117709051,1150922
2388,威盛,24,555955941,5559559410,新台幣                 10.0000元,19990305,70.9,39417276216.9,0.00026307803095548837,1150922
7822,倍利科,24,45560763,455607630,新台幣                 10.0000元,20260330,865.0,39410059995.0,0.00026302986858531486,1150922
2458,義隆,24,303880392,3038803920,新台幣                 10.0000元,20010917,129.5,39352510764.0,0.00026264577460857297,1150922
6197,佳必琪,28,123439128,1234391280,新台幣                 10.0000元,20041108,317.5,39191923140.0,0.0002615739837601828,1150922
1409,新纖,04,1618409286,16184092860,新台幣                 10.0000元,19730831,24.1,39003663792.600006,0.00026031750682477955,1150922
9933,中鼎,20,944437034,9444370340,新台幣                 10.0000元,19930528,40.9,38627474690.6,0.00025780675271593414,1150922
7711,永擎,25,71700445,717004450,新台幣                 10.0000元,20251119,537.0,38503138965.0,0.0002569769135944211,1150922
3016,嘉晶,24,290356903,2903569030,新台幣                 10.0000元,20021224,132.5,38472289647.5,0.00025677101966964654,1150922
2851,中再保,17,800388750,8003887500,新台幣                 10.0000元,20000706,47.4,37938426750.0,0.00025320792213085017,1150922
6670,復盛應用,37,139386973,1393869730,新台幣                 10.0000元,20181218,271.0,37773869683.0,0.0002521096385019167,1150922
1736,喬山,37,303394617,3033946170,新台幣                 10.0000元,20030109,124.5,37772629816.5,0.0002521013634086385,1150922
3019,亞光,26,279243901,2792439010,新台幣                 10.0000元,20020826,135.0,37697926635.0,0.00025160278086358925,1150922
6592,和潤企業,20,641845008,7418450080,新台幣                 10.0000元,20191209,58.2,37355379465.6,0.00024931655909780193,1150922
2015,豐興,10,581599424,5815994240,新台幣                 10.0000元,19920525,64.2,37338683020.8,0.0002492051240052864,1150922
6890,來億-KY,37,250296650,2502966500,新台幣                 10.0000元,20240612,148.5,37169052525.0,0.0002480729793949002,1150922
9939,宏全,20,295786475,2957864750,新台幣                 10.0000元,20010302,125.5,37121202612.5,0.000247753620424163,1150922
6282,康舒,28,856100705,8561007050,新台幣                 10.0000元,20030908,43.0,36812330315.0,0.0002456921508442797,1150922
2504,國產,14,1180000000,11800000000,新台幣                 10.0000元,19780314,31.15,36757000000.0,0.0002453228663142617,1150922
3715,定穎投控,28,283574584,2835745840,新台幣                 10.0000元,20220825,128.5,36439334044.0,0.00024320270626702228,1150922
8070,長華*,29,725648455,725648455,新台幣                  1.0000元,20071231,49.9,36209857904.5,0.0002416711410061775,1150922
2472,立隆電,28,164735137,1647351370,新台幣                 10.0000元,20010917,217.5,35829892297.5,0.00023913518181989792,1150922
5469,瀚宇博,28,486166000,4861660000,新台幣                 10.0000元,20030825,72.7,35344268200.0,0.00023589403875735266,1150922
3376,新日興,28,195780215,1957802150,新台幣                 10.0000元,20071231,180.5,35338328807.5,0.00023585439817753751,1150922
9921,巨大,37,392065395,3920653950,新台幣                 10.0000元,19941229,89.7,35168265931.5,0.000234719367783491,1150922
8422,可寧衛*,35,1358762544,1358762544,新台幣                  1.0000元,20111005,25.7,34920197380.799995,0.00023306371340744972,1150922
6831,邁科,25,67500000,675000000,新台幣                 10.0000元,20251125,512.0,34560000000.0,0.00023065969093834875,1150922
4583,台灣精銳,05,80171351,801713510,新台幣                 10.0000元,20220509,429.0,34393509579.0,0.00022954850375512953,1150922
3596,智易,27,220354321,2203543210,新台幣                 10.0000元,20090311,154.5,34044742594.5,0.00022722076981837404,1150922
8016,矽創,24,120136876,1201368760,新台幣                 10.0000元,20031225,282.0,33878599032.0,0.00022611189763152087,1150922
2498,宏達電,27,836097086,8360970860,新台幣                 10.0000元,20020326,40.1,33527493148.600002,0.0002237685534604653,1150922
2211,長榮鋼,10,417091463,4170914630,新台幣                 10.0000元,20210412,80.0,33367317040.0,0.00022269950914028639,1150922
1314,中石化,03,3784850130,37848501300,新台幣                 10.0000元,19910712,8.74,33079590136.2,0.00022077916774256777,1150922
2428,興勤,28,128112726,1281127260,新台幣                 10.0000元,20000911,255.0,32668745130.0,0.00021803711386080688,1150922
3010,華立,29,259436817,2594368170,新台幣                 10.0000元,20020722,124.5,32299883716.5,0.00021557526607038463,1150922
6176,瑞儀,26,348770447,3487704470,新台幣                 10.0000元,20070515,92.2,32156635213.4,0.0002146191996510436,1150922
2548,華固,14,335704631,3357046310,新台幣                 10.0000元,20020826,94.3,31656946703.3,0.00021128418815494665,1150922
2903,遠百,18,1416940589,14169405890,新台幣                 10.0000元,19781011,22.3,31597775134.7,0.00021088926640362683,1150922
2849,安泰銀,17,1957609349,19576093490,新台幣                 10.0000元,19990927,16.1,31517510518.9,0.00021035356584015133,1150922
6491,晶碩,22,78000000,780000000,新台幣                 10.0000元,20191007,404.0,31512000000.0,0.00021031678764031383,1150922
3413,京鼎,24,110924410,1109244100,新台幣                 10.0000元,20150728,283.0,31391608030.0,0.00020951326985699036,1150922
2201,裕隆,12,1070001251,10700012510,新台幣                 10.0000元,19760708,29.25,31297536591.75,0.00020888542006321516,1150922
2897,王道銀行,17,2805357878,30553578780,新台幣                 10.0000元,20170505,11.1,31139472445.8,0.00020783047136375737,1150922
4585,達明,31,104609000,1046090000,新台幣                 10.0000元,20250926,297.5,31121177500.0,0.00020770836758644365,1150922
2363,矽統,24,514988161,5149881610,新台幣                 10.0000元,19970801,60.3,31053786108.3,0.0002072585852490181,1150922
1215,卜蜂,02,294790098,2947900980,新台幣                 10.0000元,19870727,105.0,30952960290.0,0.00020658565550111057,1150922
6715,嘉基,28,68274026,682740260,新台幣                 10.0000元,20191212,451.5,30825722739.0,0.00020573644907201878,1150922
4915,致伸,28,471880824,4718808240,新台幣                 10.0000元,20121005,64.9,30625065477.600002,0.00020439722621614324,1150922
5234,達興材料,26,102715911,1027159110,新台幣                 10.0000元,20120716,296.5,30455267611.5,0.00020326396454610222,1150922
1434,福懋,04,1684664637,16846646370,新台幣                 10.0000元,19851224,17.95,30239730234.149998,0.00020182542910497913,1150922
3605,宏致,28,175270339,1752703390,新台幣                 10.0000元,20090326,171.5,30058863138.5,0.00020061828939480712,1150922
1609,大亞,06,785261944,7852619440,新台幣                 10.0000元,19881212,38.1,29918480066.4,0.00019968134738023645,1150922
2362,藍天,25,622263000,6222630000,新台幣                 10.0000元,19970402,47.9,29806397700.0,0.0001989332893943145,1150922
6412,群電,28,400769126,4007691260,新台幣                 10.0000元,20131108,74.3,29777146061.8,0.00019873805867016368,1150922
6830,汎銓,31,54413615,544136150,新台幣                 10.0000元,20220831,547.0,29764247405.0,0.00019865197070167387,1150922
2426,鼎元,26,300622252,3006222520,新台幣                 10.0000元,20000911,98.8,29701478497.6,0.00019823303966054476,1150922
2367,燿華,28,706253175,7062531750,新台幣                 10.0000元,19971213,41.95,29627320691.250004,0.00019773809704788978,1150922
2316,楠梓電,28,182740536,1827405360,新台幣                 10.0000元,19910205,160.5,29329856028.0,0.00019575276408231323,1150922
2204,中華,12,553620342,5536203420,新台幣                 10.0000元,19910312,52.7,29175792023.4,0.00019472451304973915,1150922
2607,榮運,15,533570547,5335705470,新台幣                 10.0000元,19901214,53.7,28652738373.9,0.00019123355838718576,1150922
3576,聯合再生,26,1627795375,16277953750,新台幣                 10.0000元,20090112,17.6,28649198600.000004,0.00019120993329593098,1150922
2329,華泰,24,658948333,6589483330,新台幣                 10.0000元,19940420,43.3,28532462818.899998,0.00019043081757862847,1150922
1514,亞力,05,278570642,2785706420,新台幣                 10.0000元,19940326,102.0,28414205484.0,0.00018964154673605828,1150922
2393,億光,26,443393086,4433930860,新台幣                 10.0000元,19991104,63.6,28199800269.600002,0.00018821056755524018,1150922
8033,雷虎,20,164629775,1646297750,新台幣                 10.0000元,20070621,169.5,27904746862.5,0.0001862413277493376,1150922
4576,大銀微系統,05,119801848,1198018480,新台幣                 10.0000元,20190904,232.0,27794028736.0,0.0001855023749472611,1150922
1904,正隆,09,1108274522,11082745220,新台幣                 10.0000元,19710910,25.0,27706863050.0,0.00018492061539306004,1150922
6166,凌華,25,217779257,2177792570,新台幣                 10.0000元,20041108,127.0,27657965639.0,0.00018459426522787065,1150922
3714,富采,26,400000000,4000000000,新台幣                 10.0000元,20210106,68.9,27560000000.000004,0.00018394042483393786,1150922
8131,福懋科,24,442222223,4422222230,新台幣                 10.0000元,20071129,61.4,27152444492.2,0.0001812203256594769,1150922
2476,鉅祥,28,219070454,2190704540,新台幣                 10.0000元,20010917,123.5,27055201069.0,0.00018057130546442196,1150922
4967,十銓,24,98566394,985663940,新台幣                 10.0000元,20190114,272.0,26810059168.0,0.00017893518407782765,1150922
3673,TPK-KY,26,406663759,4066637590,新台幣                 10.0000元,20101029,65.6,26677142590.399998,0.0001780480747980302,1150922
3515,華擎,25,123520889,1235208890,新台幣                 10.0000元,20071108,213.5,26371709801.5,0.00017600956112065428,1150922
1231,聯華食,02,328299922,3282999220,新台幣                 10.0000元,19951102,79.8,26198333775.6,0.00017485241816491895,1150922
8271,宇瞻,24,129614266,1296142660,新台幣                 10.0000元,20101229,201.5,26117274599.0,0.00017431141455895042,1150922
6579,研揚,25,169451221,1694512210,新台幣                 10.0000元,20170821,153.0,25926036813.0,0.00017303505898561437,1150922
1227,佳格,02,915089591,9150895910,新台幣                 10.0000元,19940409,28.2,25805526466.2,0.00017223075113411663,1150922
2489,瑞軒,26,610000000,6100000000,新台幣                 10.0000元,20010917,41.95,25589500000.0,0.00017078895142554615,1150922
8110,華東,24,517739876,5177398760,新台幣                 10.0000元,20071031,48.95,25343366930.2,0.00016914621479910592,1150922
1808,潤隆,14,714425393,7144253930,新台幣                 10.0000元,19941026,35.0,25004888755.0,0.00016688715023657674,1150922
6757,台灣虎航,15,459530000,4595300000,新台幣                 10.0000元,20230815,54.3,24952479000.0,0.00016653735805224646,1150922
2501,國建,14,1159561059,11595610590,新台幣                 10.0000元,19671028,21.45,24872584715.55,0.00016600412914718343,1150922
6456,GIS-KY,26,337939800,3379398000,新台幣                 10.0000元,20150612,73.6,24872369279.999996,0.00016600269129135643,1150922
2023,燁輝,10,1821240214,18212402140,新台幣                 10.0000元,19950728,13.6,24768866910.399998,0.00016531189775595938,1150922
1232,大統益,02,159974915,1599749150,新台幣                 10.0000元,19960209,154.5,24716124367.5,0.0001649598844849925,1150922
