prefix,stock_id,name,has_future
CA,1303,南亞,●  是股票期貨標的
CB,2002,中鋼,●  是股票期貨標的
CC,2303,聯電,●  是股票期貨標的
CD,2330,台積電,●  是股票期貨標的
CE,2881,富邦金,●  是股票期貨標的
CF,1301,台塑,●  是股票期貨標的
CG,2324,仁寶,●  是股票期貨標的
CH,2409,友達,●  是股票期貨標的
CJ,2880,華南金,●  是股票期貨標的
CK,2882,國泰金,●  是股票期貨標的
CL,2886,兆豐金,●  是股票期貨標的
CM,2887,台新新光金,●  是股票期貨標的
CN,2891,中信金,●  是股票期貨標的
CQ,1216,統一,●  是股票期貨標的
CR,1402,遠東新,●  是股票期貨標的
CS,1605,華新,●  是股票期貨標的
CU,2323,中環,●  是股票期貨標的
CW,2352,佳世達,●  是股票期貨標的
CX,2371,大同,●  是股票期貨標的
CY,2408,南亞科,●  是股票期貨標的
CZ,2603,長榮,●  是股票期貨標的
DA,2609,陽明,●  是股票期貨標的
DB,2610,華航,●  是股票期貨標的
DC,2801,彰銀,●  是股票期貨標的
DE,2890,永豐金,●  是股票期貨標的
DF,1101,台泥,●  是股票期貨標的
DG,1326,台化,●  是股票期貨標的
DH,2317,鴻海,●  是股票期貨標的
DI,2337,旺宏,●  是股票期貨標的
DJ,2357,華碩,●  是股票期貨標的
DK,2382,廣達,●  是股票期貨標的
DL,2412,中華電,●  是股票期貨標的
DN,2884,玉山金,●  是股票期貨標的
DO,2885,元大金,●  是股票期貨標的
DP,2892,第一金,●  是股票期貨標的
DQ,3481,群創,●  是股票期貨標的
DS,2353,宏碁,●  是股票期貨標的
DV,2454,聯發科,●  是股票期貨標的
DW,2915,潤泰全,●  是股票期貨標的
DX,3231,緯創,●  是股票期貨標的
DY,1102,亞泥,●  是股票期貨標的
DZ,1210,大成,●  是股票期貨標的
EE,1312,國喬,●  是股票期貨標的
EG,1314,中石化,●  是股票期貨標的
EH,1319,東陽,●  是股票期貨標的
EK,1440,南紡,●  是股票期貨標的
EM,1504,東元,●  是股票期貨標的
EO,1560,中砂,●  是股票期貨標的
EP,1590,亞德客-KY,●  是股票期貨標的
EY,1718,中纖,●  是股票期貨標的
EZ,1722,台肥,●  是股票期貨標的
FB,2006,東和鋼鐵,●  是股票期貨標的
FE,2027,大成鋼,●  是股票期貨標的
FF,2049,上銀,●  是股票期貨標的
FG,2059,川湖,●  是股票期貨標的
FK,2105,正新,●  是股票期貨標的
FN,2201,裕隆,●  是股票期貨標的
FQ,2301,光寶科,●  是股票期貨標的
FR,2308,台達電,●  是股票期貨標的
FS,2312,金寶,●  是股票期貨標的
FT,2313,華通,●  是股票期貨標的
FV,2331,精英,●  是股票期貨標的
FW,2332,友訊,●  是股票期貨標的
FY,2340,台亞,●  是股票期貨標的
FZ,2344,華邦電,●  是股票期貨標的
GA,2347,聯強,●  是股票期貨標的
GC,2354,鴻準,●  是股票期貨標的
GH,2376,技嘉,●  是股票期貨標的
GI,2377,微星,●  是股票期貨標的
GJ,2379,瑞昱,●  是股票期貨標的
GK,2385,群光,●  是股票期貨標的
GL,2392,正崴,●  是股票期貨標的
GM,2393,億光,●  是股票期貨標的
GN,2401,凌陽,●  是股票期貨標的
GO,2404,漢唐,●  是股票期貨標的
GR,2449,京元電子,●  是股票期貨標的
GU,2455,全新,●  是股票期貨標的
GV,2457,飛宏,●  是股票期貨標的
GW,2458,義隆,●  是股票期貨標的
GX,2474,可成,●  是股票期貨標的
GY,2481,強茂,●  是股票期貨標的
GZ,2485,兆赫,●  是股票期貨標的
HA,2489,瑞軒,●  是股票期貨標的
HB,2492,華新科,●  是股票期貨標的
HC,2498,宏達電,●  是股票期貨標的
HH,2515,中工,●  是股票期貨標的
HI,2520,冠德,●  是股票期貨標的
HL,2542,興富發,●  是股票期貨標的
HO,2548,華固,●  是股票期貨標的
HQ,2605,新興,●  是股票期貨標的
HS,2618,長榮航,●  是股票期貨標的
IA,2834,臺企銀,●  是股票期貨標的
IH,2913,農林,●  是股票期貨標的
II,3006,晶豪科,●  是股票期貨標的
IJ,3008,大立光,●  是股票期貨標的
IM,3019,亞光,●  是股票期貨標的
IO,3034,聯詠,●  是股票期貨標的
IP,3035,智原,●  是股票期貨標的
IQ,3036,文曄,●  是股票期貨標的
IR,3037,欣興,●  是股票期貨標的
IT,3042,晶技,●  是股票期貨標的
IX,3189,景碩,●  是股票期貨標的
IY,3376,新日興,●  是股票期貨標的
IZ,3380,明泰,●  是股票期貨標的
JB,3443,創意,●  是股票期貨標的
JF,3533,嘉澤,●  是股票期貨標的
JM,3653,健策,●  是股票期貨標的
JN,3673,TPK-KY,●  是股票期貨標的
JP,3702,大聯大,●  是股票期貨標的
JS,4938,和碩,●  是股票期貨標的
JW,5534,長虹,●  是股票期貨標的
JX,6005,群益證,●  是股票期貨標的
JZ,6153,嘉聯益,●  是股票期貨標的
KA,6176,瑞儀,●  是股票期貨標的
KB,6213,聯茂,●  是股票期貨標的
KC,6239,力成,●  是股票期貨標的
KD,6271,同欣電,●  是股票期貨標的
KE,6278,台表科,●  是股票期貨標的
KF,6282,康舒,●  是股票期貨標的
KG,6285,啟碁,●  是股票期貨標的
KI,8039,台虹,●  是股票期貨標的
KK,8163,達方,●  是股票期貨標的
KL,9904,寶成,●  是股票期貨標的
KO,9939,宏全,●  是股票期貨標的
KP,9945,潤泰新,●  是股票期貨標的
KS,1477,聚陽,●  是股票期貨標的
KU,1802,台玻,●  是股票期貨標的
KW,2328,廣宇,●  是股票期貨標的
LB,3044,健鼎,●  是股票期貨標的
LC,3045,台灣大,●  是股票期貨標的
LE,3406,玉晶光,●  是股票期貨標的
LI,6269,台郡,●  是股票期貨標的
LM,9914,美利達,●  是股票期貨標的
LO,5880,合庫金,●  是股票期貨標的
LQ,2356,英業達,●  是股票期貨標的
LR,2883,凱基金,●  是股票期貨標的
LT,4904,遠傳,●  是股票期貨標的
LU,4958,臻鼎-KY,●  是股票期貨標的
LV,5871,中租-KY,●  是股票期貨標的
LW,1476,儒鴻,●  是股票期貨標的
LX,2327,國巨*,●  是股票期貨標的
LY,8046,南電,●  是股票期貨標的
MB,2355,敬鵬,●  是股票期貨標的
MJ,2360,致茂,●  是股票期貨標的
MK,2439,美律,●  是股票期貨標的
MQ,6257,矽格,●  是股票期貨標的
MV,9938,百和,●  是股票期貨標的
MY,1565,精華,●  是股票期貨標的
nan,3105,穩懋,●  是股票期貨標的
NB,3152,璟德,●  是股票期貨標的
NC,3211,順達,●  是股票期貨標的
ND,3260,威剛,●  是股票期貨標的
NE,3264,欣銓,●  是股票期貨標的
NG,3691,碩禾,●  是股票期貨標的
NI,4123,晟德,●  是股票期貨標的
NJ,5009,榮剛,●  是股票期貨標的
NL,5347,世界,●  是股票期貨標的
NO,5483,中美晶,●  是股票期貨標的
NQ,6121,新普,●  是股票期貨標的
NS,6147,頎邦,●  是股票期貨標的
NU,8044,網家,●  是股票期貨標的
NV,8069,元太,●  是股票期貨標的
NW,8299,群聯,●  是股票期貨標的
NY,0050,元大台灣50ETF,●  是股票期貨標的
OA,006205,富邦上証ETF,●  是股票期貨標的
OB,006206,元大上證50ETF,●  是股票期貨標的
OD,2231,為升,●  是股票期貨標的
OE,6116,彩晶,●  是股票期貨標的
OH,6279,胡連,●  是股票期貨標的
OJ,00636,國泰中國A50ETF,●  是股票期貨標的
OK,00639,富邦深100ETF,●  是股票期貨標的
OL,3008,大立光,●  是股票期貨標的
OM,1565,精華,●  是股票期貨標的
OO,00643,群益深証中小ETF,●  是股票期貨標的
OP,2345,智邦,●  是股票期貨標的
OQ,6414,樺漢,●  是股票期貨標的
OR,1536,和大,●  是股票期貨標的
OS,1909,榮成,●  是股票期貨標的
OT,3081,聯亞,●  是股票期貨標的
OU,3552,同致,●  是股票期貨標的
OV,6274,台燿,●  是股票期貨標的
OW,6488,環球晶,●  是股票期貨標的
OX,6510,精測,●  是股票期貨標的
OY,6510,精測,●  是股票期貨標的
OZ,3711,日月光投控,●  是股票期貨標的
PA,3227,原相,●  是股票期貨標的
PB,6488,環球晶,●  是股票期貨標的
PC,4162,智擎,●  是股票期貨標的
PD,4736,泰博,●  是股票期貨標的
PE,5425,台半,●  是股票期貨標的
PF,0056,元大高股息ETF,●  是股票期貨標的
PG,2633,台灣高鐵,●  是股票期貨標的
PH,5269,祥碩,●  是股票期貨標的
PI,3529,力旺,●  是股票期貨標的
PJ,2383,台光電,●  是股票期貨標的
PK,6173,信昌電,●  是股票期貨標的
PL,6182,合晶,●  是股票期貨標的
PM,8436,大江,●  是股票期貨標的
PN,5269,祥碩,●  是股票期貨標的
PP,5457,宣德,●  是股票期貨標的
PQ,8358,金居,●  是股票期貨標的
PR,8086,宏捷科,●  是股票期貨標的
PS,3706,神達,●  是股票期貨標的
PT,3324,雙鴻,●  是股票期貨標的
PU,2454,聯發科,●  是股票期貨標的
PV,6669,緯穎,●  是股票期貨標的
PW,6669,緯穎,●  是股票期貨標的
PX,3293,鈊象,●  是股票期貨標的
PY,3293,鈊象,●  是股票期貨標的
PZ,5274,信驊,●  是股票期貨標的
QA,5274,信驊,●  是股票期貨標的
QB,3714,富采,●  是股票期貨標的
QC,2606,裕民,●  是股票期貨標的
QD,3532,台勝科,●  是股票期貨標的
QE,2327,國巨*,●  是股票期貨標的
QF,2330,台積電,●  是股票期貨標的
QG,2379,瑞昱,●  是股票期貨標的
QH,3034,聯詠,●  是股票期貨標的
QI,3105,穩懋,●  是股票期貨標的
QJ,3406,玉晶光,●  是股票期貨標的
QK,1907,永豐餘,●  是股票期貨標的
QL,3374,精材,●  是股票期貨標的
QM,2049,上銀,●  是股票期貨標的
QN,8299,群聯,●  是股票期貨標的
QO,1717,長興,●  是股票期貨標的
QP,1904,正隆,●  是股票期貨標的
QQ,3078,僑威,●  是股票期貨標的
QR,2357,華碩,●  是股票期貨標的
QS,8046,南電,●  是股票期貨標的
QT,2441,超豐,●  是股票期貨標的
QU,8150,南茂,●  是股票期貨標的
QV,2338,光罩,●  是股票期貨標的
QW,2388,威盛,●  是股票期貨標的
QX,2615,萬海,●  是股票期貨標的
QY,6547,高端疫苗,●  是股票期貨標的
QZ,6770,力積電,●  是股票期貨標的
RA,3017,奇鋐,●  是股票期貨標的
RB,5388,中磊,●  是股票期貨標的
RC,2634,漢翔,●  是股票期貨標的
RD,4128,中天,●  是股票期貨標的
RE,4919,新唐,●  是股票期貨標的
RF,3533,嘉澤,●  是股票期貨標的
RG,3653,健策,●  是股票期貨標的
RI,00878,國泰永續高股息ETF,●  是股票期貨標的
RJ,1609,大亞,●  是股票期貨標的
RK,2368,金像電,●  是股票期貨標的
RL,6443,元晶,●  是股票期貨標的
RN,4743,合一,●  是股票期貨標的
RO,6245,立端,●  是股票期貨標的
RP,5904,寶雅*,●  是股票期貨標的
RR,5904,寶雅*,●  是股票期貨標的
RS,3529,力旺,●  是股票期貨標的
RU,9958,世紀鋼,●  是股票期貨標的
RV,2308,台達電,●  是股票期貨標的
RW,3443,創意,●  是股票期貨標的
RX,00885,富邦越南ETF,●  是股票期貨標的
RY,00923,群益台ESG低碳50ETF,●  是股票期貨標的
RZ,00679B,元大美債20年ETF,●  是股票期貨標的
SA,1795,美時,●  是股票期貨標的
SB,1905,華紙,●  是股票期貨標的
SC,1477,聚陽,●  是股票期貨標的
SD,1513,中興電,●  是股票期貨標的
SE,2345,智邦,●  是股票期貨標的
SF,2383,台光電,●  是股票期貨標的
SG,00893,國泰智能電動車ETF,●  是股票期貨標的
SI,00719B,元大美債1-3ETF,●  是股票期貨標的
SJ,3005,神基,●  是股票期貨標的
SK,8112,至上,●  是股票期貨標的
SL,2376,技嘉,●  是股票期貨標的
SM,00919,群益台灣精選高息ETF,●  是股票期貨標的
SN,00929,復華台灣科技優息ETF,●  是股票期貨標的
SQ,00772B,中信高評級公司債ETF,●  是股票期貨標的
SR,0050,元大台灣50ETF,●  是股票期貨標的
SS,0056,元大高股息ETF,●  是股票期貨標的
SU,00940,元大台灣價值高息ETF,●  是股票期貨標的
SV,2059,川湖,●  是股票期貨標的
SW,9958,世紀鋼,●  是股票期貨標的
SY,3680,家登,●  是股票期貨標的
SZ,3680,家登,●  是股票期貨標的
UA,1503,士電,●  是股票期貨標的
UB,6139,亞翔,●  是股票期貨標的
UC,6188,廣明,●  是股票期貨標的
UE,5876,上海商銀,●  是股票期貨標的
UF,6505,台塑化,●  是股票期貨標的
UG,6526,達發,●  是股票期貨標的
UH,3017,奇鋐,●  是股票期貨標的
UI,6526,達發,●  是股票期貨標的
UJ,00937B,群益ESG投等債20+ETF,●  是股票期貨標的
UK,00687B,國泰20年美債ETF,●  是股票期貨標的
UL,3324,雙鴻,●  是股票期貨標的
UM,3661,世芯-KY,●  是股票期貨標的
UO,3661,世芯-KY,●  是股票期貨標的
UP,6472,保瑞,●  是股票期貨標的
UQ,6472,保瑞,●  是股票期貨標的
UR,00757,統一FANG+ETF,●  是股票期貨標的
US,00757,統一FANG+ETF,●  是股票期貨標的
UT,2486,一詮,●  是股票期貨標的
UU,6757,台灣虎航,●  是股票期貨標的
UV,6223,旺矽,●  是股票期貨標的
UW,6223,旺矽,●  是股票期貨標的
UX,2329,華泰,●  是股票期貨標的
UY,6290,良維,●  是股票期貨標的
UZ,2404,漢唐,●  是股票期貨標的
VA,1608,華榮,●  是股票期貨標的
VB,2367,燿華,●  是股票期貨標的
VC,2421,建準,●  是股票期貨標的
VD,2360,致茂,●  是股票期貨標的
VE,3665,貿聯-KY,●  是股票期貨標的
VF,3665,貿聯-KY,●  是股票期貨標的
VG,2368,金像電,●  是股票期貨標的
VH,0052,富邦科技ETF,●  是股票期貨標的
VI,2395,研華,●  是股票期貨標的
VJ,3211,順達,●  是股票期貨標的
VK,6139,亞翔,●  是股票期貨標的
VL,8932,智通*,●  是股票期貨標的
VM,1519,華城,●  是股票期貨標的
VN,1519,華城,●  是股票期貨標的
VO,2449,京元電子,●  是股票期貨標的
VP,3711,日月光投控,●  是股票期貨標的
VQ,3718,中光電投控,●  是股票期貨標的
