date,taiex,taiex_tr
2026-09-23,48157.29,111356.64
2026-09-22,47800.17,110523.1
2026-09-21,47718.84,110335.04
2026-09-18,47180.75,109090.87
2026-09-17,46288.0,107026.66
2026-09-16,45848.9,106011.29
2026-09-15,45511.49,105100.3
2026-09-14,45862.52,105910.88
2026-09-11,46184.85,106654.71
2026-09-10,46940.49,108399.7
2026-09-09,47183.36,108959.9
2026-09-08,47105.78,108777.6
2026-09-07,47326.27,109275.93
2026-09-04,46551.13,107486.11
2026-09-03,45857.66,105884.91
2026-09-02,46164.72,106591.66
2026-09-01,46948.72,108395.72
2026-08-31,46128.47,106498.23
2026-08-28,46331.45,106965.69
2026-08-27,45975.22,106134.66
2026-08-26,45832.62,105792.08
2026-08-25,45169.46,104260.07
2026-08-24,44762.32,103316.56
2026-08-21,45224.29,104381.91
2026-08-20,44933.74,103710.33
2026-08-19,44719.35,103207.65
2026-08-18,45308.68,104556.78
2026-08-17,45857.27,105822.22
2026-08-14,45811.01,105713.04
2026-08-13,46021.48,106198.72
2026-08-12,45518.07,105000.81
2026-08-11,45120.72,104083.65
2026-08-10,44928.76,103618.12
2026-08-07,44225.91,101989.71
2026-08-06,44396.7,102381.13
2026-08-05,44611.6,102873.02
2026-08-04,43360.66,99978.9
2026-08-03,43386.41,100027.02
2026-07-31,43119.75,99405.7
2026-07-30,39933.3,92058.06
2026-07-29,40039.18,92260.97
2026-07-28,41603.36,95856.81
2026-07-27,43634.19,100527.1
2026-07-24,43654.84,100574.58
2026-07-23,44850.81,103326.54
2026-07-22,44825.78,103240.18
2026-07-21,44232.87,101867.7
2026-07-20,42449.7,97721.96
2026-07-17,42671.27,98228.75
2026-07-16,45624.98,105017.85
2026-07-15,45631.59,104970.69
2026-07-14,44737.95,102902.72
2026-07-13,45380.52,104360.55
2026-07-09,45354.61,104241.44
2026-07-08,45734.41,105056.55
2026-07-07,45479.11,104408.51
2026-07-06,46556.39,106844.47
2026-07-03,46780.62,107344.35
2026-07-02,46744.16,107239.33
2026-07-01,47018.99,107781.17
2026-06-30,46125.91,105644.15
2026-06-29,44999.9,103010.12
2026-06-26,44571.76,102023.27
2026-06-25,46255.26,105874.47
2026-06-24,46043.6,105376.96
2026-06-23,47100.65,107784.88
2026-06-22,47741.51,109231.58
2026-06-18,46465.2,106284.87
2026-06-17,45877.39,104936.56
2026-06-16,45809.19,104708.91
2026-06-15,45396.99,103758.38
2026-06-12,44169.04,100933.47
2026-06-11,43149.46,98585.81
2026-06-10,43225.54,98639.28
2026-06-09,44704.44,102010.65
2026-06-08,43502.78,99265.25
2026-06-05,45070.94,102830.59
2026-06-04,45677.46,104213.94
2026-06-03,46459.16,105997.21
2026-06-02,45557.31,103939.58
2026-06-01,45337.91,103434.65
2026-05-29,44732.94,102052.99
2026-05-28,43636.44,99551.45
2026-05-27,44256.8,100966.0
2026-05-26,43525.37,99294.98
2026-05-25,43644.4,99566.5
2026-05-22,42267.97,96426.34
2026-05-21,41368.21,94373.55
2026-05-20,40020.82,91299.74
2026-05-19,40175.56,91652.74
2026-05-18,40891.82,93286.77
2026-05-15,41172.36,93926.76
2026-05-14,41751.75,95248.52
2026-05-13,41374.5,94387.91
2026-05-12,41898.32,95582.88
2026-05-11,41790.06,95335.91
2026-05-08,41603.94,94911.32
2026-05-07,41933.78,95663.79
2026-05-06,41138.85,93850.32
2026-05-05,40769.29,93007.22
2026-05-04,40705.14,92860.88
2026-04-30,38926.63,88803.55
2026-04-29,39303.5,89663.32
2026-04-28,39521.73,90161.06
2026-04-27,39616.63,90377.55
2026-04-24,38932.4,88816.62
2026-04-23,37714.15,86036.19
2026-04-22,37878.47,86409.88
2026-04-21,37605.11,85786.3
2026-04-20,36958.8,84311.91
2026-04-17,36804.34,83959.54
2026-04-16,37132.02,84707.06
2026-04-15,36722.14,83768.84
2026-04-14,36296.12,82796.95
2026-04-13,35457.29,80883.44
2026-04-10,35417.83,80793.42
2026-04-09,34861.16,79523.06
2026-04-08,34761.38,79293.86
2026-04-07,33229.82,75800.17
2026-04-02,32572.43,74300.61
2026-04-01,33174.82,75674.58
2026-03-31,31722.99,72360.16
2026-03-30,32518.16,74173.91
2026-03-27,33112.59,75529.53
2026-03-26,33337.62,76035.18
2026-03-25,33439.11,76258.51
2026-03-24,32612.24,74366.25
2026-03-23,32722.5,74617.31
2026-03-20,33543.88,76490.31
2026-03-19,33689.68,76819.8
2026-03-18,34348.58,78311.56
2026-03-17,33836.57,77143.47
2026-03-16,33342.51,75907.87
2026-03-13,33400.32,76039.19
2026-03-12,33581.86,76452.48
2026-03-11,34114.19,77663.74
2026-03-10,32771.87,74607.85
2026-03-09,32110.42,73102.0
2026-03-06,33599.54,76492.11
2026-03-05,33672.94,76659.21
2026-03-04,32828.88,74737.64
2026-03-03,34323.65,78140.6
2026-03-02,35095.09,79896.85
2026-02-26,35414.49,80623.98
2026-02-25,35413.07,80620.75
2026-02-24,34700.82,78999.25
2026-02-23,33773.26,76887.59
2026-02-11,33605.71,76506.14
2026-02-10,33072.97,75293.33
2026-02-09,32404.62,73771.78
2026-02-06,31782.92,72356.43
2026-02-05,31801.27,72398.2
2026-02-04,32289.81,73510.4
2026-02-03,32195.36,73295.38
2026-02-02,31624.03,71994.7
2026-01-30,32063.75,72995.76
2026-01-29,32536.27,74071.48
2026-01-28,32803.82,74680.58
2026-01-27,32317.92,73574.39
2026-01-26,32064.52,72997.5
2026-01-23,31961.51,72762.98
2026-01-22,31746.08,72272.56
2026-01-21,31246.37,71134.86
2026-01-20,31759.99,72304.15
2026-01-19,31639.29,72029.36
2026-01-16,31408.7,71504.42
2026-01-15,30810.58,70142.74
2026-01-14,30941.78,70441.42
2026-01-13,30707.22,69907.42
2026-01-12,30567.29,69588.87
2026-01-09,30288.96,68955.23
2026-01-08,30360.55,69118.22
2026-01-07,30435.47,69288.18
2026-01-06,30576.3,69608.78
2026-01-05,30105.04,68503.29
2026-01-02,29349.81,66784.78
2025-12-31,28963.6,65905.98
2025-12-30,28707.13,65322.39
2025-12-29,28810.89,65558.49
2025-12-26,28556.02,64978.52
2025-12-24,28371.98,64559.75
2025-12-23,28310.47,64419.6
2025-12-22,28149.64,64052.29
2025-12-19,27696.35,63020.79
2025-12-18,27468.53,62502.32
2025-12-17,27525.17,62630.84
2025-12-16,27536.66,62657.0
2025-12-15,27866.94,63408.51
2025-12-12,28198.02,64161.86
2025-12-11,28024.75,63767.6
2025-12-10,28400.73,64531.31
2025-12-09,28182.6,64035.66
2025-12-08,28303.78,64310.47
2025-12-05,27980.89,63576.81
2025-12-04,27795.71,63156.05
2025-12-03,27793.04,63149.99
2025-12-02,27564.27,62630.12
2025-12-01,27342.53,62126.28
2025-11-28,27626.48,62771.46
2025-11-27,27554.53,62607.98
2025-11-26,27409.54,62278.47
2025-11-25,26912.17,61148.37
2025-11-24,26504.24,60221.51
2025-11-21,26434.94,60063.99
2025-11-20,27426.36,62316.65
2025-11-19,26580.12,60393.87
2025-11-18,26756.12,60793.77
2025-11-17,27447.31,62364.25
2025-11-14,27397.5,62251.08
2025-11-13,27903.56,63400.91
2025-11-12,27947.09,63499.81
2025-11-11,27784.95,63131.41
2025-11-10,27869.51,63323.54
2025-11-07,27651.41,62827.98
2025-11-06,27899.45,63391.57
2025-11-05,27717.06,62977.17
2025-11-04,28116.56,63884.88
2025-11-03,28334.59,64380.22
2025-10-31,28233.35,64150.19
2025-10-30,28287.53,64273.28
2025-10-29,28294.74,64289.65
2025-10-28,27949.11,63504.33
2025-10-27,27993.63,63605.41
2025-10-23,27532.26,62556.91
2025-10-22,27648.91,62821.76
2025-10-21,27752.41,63056.93
2025-10-20,27688.63,62911.94
2025-10-17,27302.37,62034.31
2025-10-16,27647.87,62819.33
2025-10-15,27275.71,61973.47
2025-10-14,26793.15,60877.04
2025-10-13,26923.42,61173.03
2025-10-09,27301.92,62033.02
2025-10-08,27063.68,61491.72
2025-10-07,27211.95,61828.55
2025-10-03,26761.06,60804.03
2025-10-02,26378.39,59934.34
2025-10-01,25982.91,59035.59
2025-09-30,25820.54,58666.67
2025-09-26,25580.32,58120.39
2025-09-25,26023.85,59128.11
2025-09-24,26196.73,59515.92
2025-09-23,26247.37,59630.95
2025-09-22,25880.6,58794.92
2025-09-19,25578.37,58108.3
2025-09-18,25769.36,58542.19
2025-09-17,25438.25,57787.89
2025-09-16,25629.64,58222.31
2025-09-15,25357.16,57511.37
2025-09-12,25474.64,57777.38
2025-09-11,25215.71,57190.09
2025-09-10,25192.59,57137.59
2025-09-09,24855.18,56362.76
2025-09-08,24547.38,55664.43
2025-09-05,24494.58,55543.47
2025-09-04,24179.85,54829.75
2025-09-03,24100.3,54644.67
2025-09-02,24016.78,54454.98
2025-09-01,24071.73,54572.57
2025-08-29,24233.1,54937.67
2025-08-28,24236.45,54944.81
2025-08-27,24519.9,55573.36
2025-08-26,24305.1,55085.2
2025-08-25,24277.38,55019.08
2025-08-22,23764.47,53853.13
2025-08-21,23962.13,54300.41
2025-08-20,23625.44,53523.93
2025-08-19,24353.5,55173.11
2025-08-18,24482.52,55458.79
2025-08-15,24334.48,55122.88
2025-08-14,24238.1,54902.49
2025-08-13,24370.02,55197.85
2025-08-12,24158.36,54696.4
2025-08-11,24135.5,54627.86
2025-08-08,24021.26,54367.25
2025-08-07,24003.77,54325.17
2025-08-06,23447.36,53036.14
2025-08-05,23660.59,53516.83
2025-08-04,23378.94,52873.7
2025-08-01,23434.38,52997.73
2025-07-31,23542.52,53241.87
2025-07-30,23461.72,53024.7
2025-07-29,23201.52,52418.25
2025-07-28,23412.98,52894.49
2025-07-25,23364.38,52783.23
2025-07-24,23373.73,52799.26
2025-07-23,23318.67,52657.75
2025-07-22,22987.92,51905.67
2025-07-21,23340.56,52680.96
2025-07-18,23383.13,52773.96
2025-07-17,23113.28,52160.94
2025-07-16,23042.9,51974.2
2025-07-15,22835.94,51498.65
2025-07-14,22614.97,50982.13
2025-07-11,22751.03,51254.2
2025-07-10,22693.25,51118.84
2025-07-09,22527.01,50715.81
2025-07-08,22362.27,50278.7
2025-07-07,22428.72,50415.15
2025-07-04,22547.5,50678.19
2025-07-03,22712.97,51049.21
2025-07-02,22577.74,50672.94
2025-07-01,22553.72,50527.22
2025-06-30,22256.02,49791.93
2025-06-27,22580.08,50427.06
2025-06-26,22492.34,50224.51
2025-06-25,22430.61,50058.43
2025-06-24,22188.76,49509.89
2025-06-23,21732.02,48437.09
2025-06-20,22045.74,49127.61
2025-06-19,22003.5,49022.06
2025-06-18,22356.73,49746.91
2025-06-17,22211.59,49419.49
2025-06-16,22049.9,49027.83
2025-06-13,22072.95,49070.32
2025-06-12,22287.82,49534.6
2025-06-11,22470.1,49845.86
2025-06-10,22242.14,49336.29
2025-06-09,21790.29,48329.93
2025-06-06,21660.66,48042.29
2025-06-05,21674.43,48072.81
2025-06-04,21618.09,47947.73
2025-06-03,21126.93,46856.93
2025-06-02,21002.71,46569.74
2025-05-29,21347.3,47332.56
2025-05-28,21357.72,47355.66
2025-05-27,21336.54,47306.54
2025-05-26,21536.57,47748.95
2025-05-23,21652.24,48005.4
2025-05-22,21670.96,48046.91
2025-05-21,21803.91,48336.11
2025-05-20,21526.03,47720.09
2025-05-19,21523.83,47715.23
2025-05-16,21843.69,48424.31
2025-05-15,21730.25,48172.83
2025-05-14,21782.87,48289.47
2025-05-13,21330.14,47285.85
2025-05-12,21129.54,46841.1
2025-05-09,20915.04,46365.58
2025-05-08,20543.4,45541.7
2025-05-07,20546.49,45548.57
2025-05-06,20522.59,45495.58
2025-05-05,20532.99,45518.63
2025-05-02,20787.64,46083.15
2025-04-30,20235.03,44858.1
2025-04-29,20232.63,44852.79
2025-04-28,20034.41,44413.35
2025-04-25,19872.73,44054.94
2025-04-24,19478.81,43181.51
2025-04-23,19639.14,43534.64
2025-04-22,18793.43,41659.94
2025-04-21,19106.2,42353.26
2025-04-18,19395.03,42993.52
2025-04-17,19338.73,42868.63
2025-04-16,19468.0,43151.88
2025-04-15,19857.67,44015.61
2025-04-14,19513.09,43251.81
2025-04-11,19528.77,43286.58
2025-04-10,19000.03,42114.04
2025-04-09,17391.76,38547.9
2025-04-08,18459.95,40915.49
2025-04-07,19232.35,42627.45
2025-04-02,21298.22,47206.32
2025-04-01,21280.17,47166.3
2025-03-31,20695.9,45866.82
2025-03-28,21602.89,47876.79
2025-03-27,21951.76,48649.66
2025-03-26,22260.29,49321.23
2025-03-25,22273.19,49349.28
2025-03-24,22106.64,48979.66
2025-03-21,22209.1,49206.44
2025-03-20,22377.26,49577.9
2025-03-19,21960.83,48642.44
2025-03-18,22271.67,49330.94
2025-03-17,22118.63,48910.7
2025-03-14,21968.05,48577.62
2025-03-13,21961.68,48563.54
2025-03-12,22278.36,49262.37
2025-03-11,22071.09,48804.06
2025-03-10,22459.15,49662.16
2025-03-07,22576.07,49920.68
2025-03-06,22715.43,50228.85
2025-03-05,22871.9,50574.84
2025-03-04,22596.88,49966.71
2025-03-03,22756.25,50319.09
2025-02-27,23053.18,50975.67
2025-02-26,23402.55,51748.22
2025-02-25,23285.72,51489.87
2025-02-24,23565.31,52108.12
2025-02-21,23730.25,52472.84
2025-02-20,23487.46,51935.96
2025-02-19,23604.08,52193.85
2025-02-18,23666.11,52331.01
2025-02-17,23505.33,51975.47
2025-02-14,23152.61,51195.54
2025-02-13,23399.41,51741.27
2025-02-12,23289.75,51498.78
2025-02-11,23384.05,51707.3
2025-02-10,23252.14,51415.63
2025-02-07,23478.27,51915.65
2025-02-06,23316.6,51558.16
2025-02-05,23161.58,51215.38
2025-02-04,22793.96,50402.49
2025-02-03,22694.71,50183.03
2025-01-22,23525.41,52019.89
2025-01-21,23300.01,51521.48
2025-01-20,23266.82,51447.8
2025-01-17,23148.08,51185.24
2025-01-16,23025.1,50913.3
2025-01-15,22514.57,49784.43
2025-01-14,22797.52,50410.09
2025-01-13,22488.33,49726.4
2025-01-10,23011.86,50884.04
2025-01-09,23081.13,51037.21
2025-01-08,23407.33,51758.5
2025-01-07,23651.27,52297.92
2025-01-06,23547.71,52068.92
2025-01-03,22908.3,50655.05
2025-01-02,22832.06,50486.46
2024-12-31,23035.1,50903.23
2024-12-30,23190.2,51245.97
2024-12-27,23275.68,51434.88
2024-12-26,23246.94,51371.36
2024-12-25,23220.13,51312.04
2024-12-24,23120.24,51091.32
2024-12-23,23104.54,51056.61
2024-12-20,22510.25,49743.34
2024-12-19,22932.25,50675.89
2024-12-18,23168.67,51197.77
2024-12-17,23018.01,50863.3
2024-12-16,23039.9,50911.67
2024-12-13,23020.48,50868.77
2024-12-12,23046.8,50926.92
2024-12-11,22903.63,50538.67
2024-12-10,23125.08,51027.33
2024-12-09,23273.25,51350.59
2024-12-06,23193.27,51174.1
2024-12-05,23267.94,51338.84
2024-12-04,23255.33,51310.92
2024-12-03,23027.46,50808.14
2024-12-02,22736.93,50167.12
2024-11-29,22262.5,49120.33
2024-11-28,22298.9,49200.65
2024-11-27,22334.78,49279.3
2024-11-26,22678.76,50038.25
2024-11-25,22948.37,50633.11
2024-11-22,22904.32,50535.64
2024-11-21,22555.66,49766.37
2024-11-20,22688.36,50059.15
2024-11-19,22848.8,50413.13
2024-11-18,22546.54,49746.25
2024-11-15,22742.77,50179.21
2024-11-14,22715.38,50118.77
2024-11-13,22860.23,50438.36
2024-11-12,22981.77,50706.53
2024-11-11,23529.64,51915.34
2024-11-08,23553.89,51968.85
2024-11-07,23408.82,51648.76
2024-11-06,23217.38,51226.38
2024-11-05,23106.79,50982.36
2024-11-04,22965.39,50670.37
2024-11-01,22780.08,50261.53
2024-10-30,22820.43,50349.83
2024-10-29,22926.59,50584.04
2024-10-28,23198.07,51183.03
2024-10-25,23348.45,51514.82
2024-10-24,23192.52,51170.78
2024-10-23,23334.76,51484.62
2024-10-22,23535.43,51927.27
2024-10-21,23542.53,51942.88
2024-10-18,23487.27,51820.95
2024-10-17,23053.84,50864.37
2024-10-16,23010.98,50769.8
2024-10-15,23292.04,51389.92
2024-10-14,22975.29,50691.06
2024-10-11,22901.64,50528.56
2024-10-09,22659.08,49993.41
2024-10-08,22611.39,49888.19
2024-10-07,22702.56,50089.32
2024-10-04,22302.71,49207.14
2024-10-01,22390.39,49400.47
2024-09-30,22224.54,49034.57
2024-09-27,22822.79,50354.5
2024-09-26,22858.81,50433.97
2024-09-25,22761.6,50214.86
2024-09-24,22431.78,49486.36
2024-09-23,22285.53,49162.92
2024-09-20,22159.42,48884.73
2024-09-19,22042.69,48627.23
2024-09-18,21678.84,47824.16
2024-09-16,21850.08,48201.91
2024-09-13,21759.65,48002.35
2024-09-12,21653.25,47767.18
2024-09-11,21031.0,46319.12
2024-09-10,21064.08,46391.97
2024-09-09,21144.44,46568.93
2024-09-06,21435.19,47208.33
2024-09-05,21187.71,46663.02
2024-09-04,21092.75,46447.84
2024-09-03,22092.21,48647.56
2024-09-02,22235.1,48960.74
2024-08-30,22268.09,49032.31
2024-08-29,22201.85,48885.27
2024-08-28,22370.66,49252.17
2024-08-27,22185.0,48839.28
2024-08-26,22240.12,48951.57
2024-08-23,22158.05,48766.18
2024-08-22,22148.83,48743.9
2024-08-21,22237.89,48929.24
2024-08-20,22429.1,49349.07
2024-08-19,22409.63,49305.49
2024-08-16,22349.33,49168.48
2024-08-15,21895.17,48167.04
2024-08-14,22027.25,48445.96
2024-08-13,21796.57,47931.29
2024-08-12,21773.26,47867.63
2024-08-09,21469.0,47197.17
2024-08-08,20870.1,45880.56
2024-08-07,21295.28,46789.33
2024-08-06,20501.02,45043.44
2024-08-05,19830.88,43565.81
2024-08-02,21638.09,47524.87
2024-08-01,22642.1,49729.5
2024-07-31,22199.35,48730.19
2024-07-30,22223.57,48777.14
2024-07-29,22164.49,48644.25
2024-07-26,22119.21,48539.19
2024-07-23,22871.84,50151.75
2024-07-22,22256.99,48792.77
2024-07-19,22869.26,50130.36
2024-07-18,23398.47,51266.41
2024-07-17,23769.82,52045.59
2024-07-16,23997.25,52529.47
2024-07-15,23879.36,52248.36
2024-07-12,23916.93,52302.48
2024-07-11,24390.03,53330.65
2024-07-10,24007.08,52479.11
2024-07-09,23900.08,52209.5
2024-07-08,23878.15,52135.78
2024-07-05,23556.59,51415.47
2024-07-04,23522.53,51339.0
2024-07-03,23172.43,50501.99
2024-07-02,22879.37,49852.62
2024-07-01,23058.57,50159.02
2024-06-28,23032.25,50048.9
2024-06-27,22905.98,49769.18
2024-06-26,22986.69,49896.81
2024-06-25,22875.97,49650.53
2024-06-24,22813.7,49505.93
2024-06-21,23253.39,50445.25
2024-06-20,23406.1,50772.22
2024-06-19,23209.54,50321.38
2024-06-18,22757.43,49339.22
2024-06-17,22496.53,48750.2
2024-06-14,22504.72,48767.02
2024-06-13,22312.04,48348.58
2024-06-12,22048.96,47711.37
2024-06-11,21792.12,47151.88
2024-06-07,21858.38,47289.2
2024-06-06,21902.7,47384.11
2024-06-05,21484.88,46477.92
2024-06-04,21356.62,46196.03
2024-06-03,21536.76,46583.96
2024-05-31,21174.22,45797.29
2024-05-30,21364.48,46207.63
2024-05-29,21662.5,46850.42
2024-05-28,21858.41,47273.9
2024-05-27,21803.77,47155.74
2024-05-24,21565.34,46639.97
2024-05-23,21607.43,46731.01
2024-05-22,21551.83,46610.76
2024-05-21,21236.75,45929.33
2024-05-20,21271.63,46004.77
2024-05-17,21258.47,45976.31
2024-05-16,21304.26,46075.24
2024-05-15,21147.21,45735.57
2024-05-14,20985.85,45386.61
2024-05-13,20857.71,45109.46
2024-05-10,20708.84,44787.5
2024-05-09,20560.77,44467.27
2024-05-08,20700.51,44769.5
2024-05-07,20653.53,44667.87
2024-05-06,20523.31,44386.24
2024-05-03,20330.32,43968.87
2024-05-02,20222.44,43735.55
2024-04-30,20396.6,44112.21
2024-04-29,20495.52,44326.15
2024-04-26,20120.51,43515.12
2024-04-25,19857.42,42946.11
2024-04-24,20131.74,43537.96
2024-04-23,19599.28,42386.44
2024-04-22,19411.22,41979.74
2024-04-19,19527.12,42230.39
2024-04-18,20301.2,43903.96
2024-04-17,20213.33,43712.64
2024-04-16,19901.96,43039.29
2024-04-15,20449.77,44223.94
2024-04-12,20736.57,44844.18
2024-04-11,20753.22,44856.39
2024-04-10,20763.53,44872.99
2024-04-09,20796.2,44943.61
2024-04-08,20417.7,44125.6
2024-04-03,20337.6,43952.45
2024-04-02,20466.57,44230.9
2024-04-01,20222.33,43702.62
2024-03-29,20294.45,43858.44
2024-03-28,20146.55,43534.18
2024-03-27,20200.12,43641.03
2024-03-26,20126.49,43477.8
2024-03-25,20192.25,43619.26
2024-03-22,20228.43,43697.33
2024-03-21,20199.09,43630.49
2024-03-20,19784.45,42729.97
2024-03-19,19857.2,42887.08
2024-03-18,19879.85,42935.74
2024-03-15,19682.5,42447.2
2024-03-14,19937.92,42998.03
2024-03-13,19928.51,42976.87
2024-03-12,19914.55,42946.76
2024-03-11,19726.08,42540.32
2024-03-08,19785.32,42668.07
2024-03-07,19693.52,42470.1
2024-03-06,19499.45,42051.58
2024-03-05,19386.92,41808.91
2024-03-04,19305.31,41632.9
2024-03-01,18935.93,40836.31
2024-02-29,18966.77,40902.82
2024-02-27,18854.41,40660.52
2024-02-26,18948.05,40862.45
2024-02-23,18889.19,40735.52
2024-02-22,18852.78,40657.0
2024-02-21,18676.31,40276.45
2024-02-20,18753.16,40442.16
2024-02-19,18635.8,40189.07
2024-02-16,18607.25,40127.51
2024-02-15,18644.57,40207.99
2024-02-05,18096.07,39025.11
2024-02-02,18059.93,38947.18
2024-02-01,17968.11,38749.16
2024-01-31,17889.56,38579.77
2024-01-30,18034.63,38892.62
2024-01-29,18119.63,39075.93
2024-01-26,17995.03,38807.22
2024-01-25,18002.62,38823.59
2024-01-24,17875.83,38550.16
2024-01-23,17874.59,38547.48
2024-01-22,17815.1,38419.19
2024-01-19,17681.52,38131.13
2024-01-18,17227.79,37152.63
2024-01-17,17161.79,37010.29
2024-01-16,17346.87,37409.42
2024-01-15,17546.82,37840.64
2024-01-12,17512.83,37767.32
2024-01-11,17545.32,37837.4
2024-01-10,17465.63,37665.54
2024-01-09,17535.49,37816.2
2024-01-08,17572.66,37896.36
2024-01-05,17519.14,37780.93
2024-01-04,17549.65,37846.73
2024-01-03,17559.31,37840.62
2024-01-02,17853.76,38475.17
2023-12-29,17930.81,38641.2
2023-12-28,17910.37,38597.16
2023-12-27,17891.5,38556.5
2023-12-26,17751.73,38255.28
2023-12-25,17604.84,37938.58
2023-12-22,17596.63,37920.89
2023-12-21,17543.74,37806.92
2023-12-20,17635.2,38003.67
2023-12-19,17576.55,37877.27
2023-12-18,17652.03,38039.93
2023-12-15,17673.87,38086.91
2023-12-14,17653.11,38042.17
2023-12-13,17468.93,37591.78
2023-12-12,17450.63,37552.4
2023-12-11,17418.34,37482.9
2023-12-08,17383.99,37408.99
2023-12-07,17278.74,37182.51
2023-12-06,17360.72,37356.41
2023-12-05,17328.01,37285.88
2023-12-04,17421.48,37487.01
2023-12-01,17438.35,37523.31
2023-11-30,17433.85,37513.62
2023-11-29,17370.56,37377.44
2023-11-28,17341.25,37314.34
2023-11-27,17137.42,36875.5
2023-11-24,17287.42,37198.24
2023-11-23,17294.55,37213.6
2023-11-22,17310.26,37247.09
2023-11-21,17416.7,37476.12
2023-11-20,17210.47,37032.36
2023-11-17,17208.95,37029.06
2023-11-16,17171.18,36947.74
2023-11-15,17128.78,36856.51
2023-11-14,16915.71,36398.05
2023-11-13,16839.29,36233.61
2023-11-10,16682.67,35896.6
2023-11-09,16745.65,36032.13
2023-11-08,16740.83,36021.75
2023-11-07,16684.95,35901.51
2023-11-06,16649.36,35824.94
2023-11-03,16507.65,35520.0
2023-11-02,16396.95,35281.8
2023-11-01,16038.56,34510.66
2023-10-31,16001.27,34430.12
2023-10-30,16149.68,34748.92
2023-10-27,16134.61,34716.5
2023-10-26,16073.74,34585.52
2023-10-25,16358.89,35198.98
2023-10-24,16309.76,35093.27
2023-10-23,16251.36,34967.59
2023-10-20,16440.72,35375.04
2023-10-19,16452.73,35400.88
2023-10-18,16440.91,35375.35
2023-10-17,16642.55,35809.14
2023-10-16,16652.24,35830.0
2023-10-13,16782.57,36110.42
2023-10-12,16825.91,36203.68
2023-10-11,16672.03,35872.53
2023-10-06,16520.57,35546.64
2023-10-05,16453.52,35401.95
2023-10-04,16273.38,35014.29
2023-10-03,16454.34,35403.55
2023-10-02,16557.31,35624.87
2023-09-28,16353.74,35186.86
2023-09-27,16310.36,35093.53
2023-09-26,16276.07,35019.7
2023-09-25,16452.23,35395.68
2023-09-22,16344.48,35163.86
2023-09-21,16316.67,35104.04
2023-09-20,16534.75,35573.23
2023-09-19,16636.32,35788.88
2023-09-18,16698.24,35921.89
2023-09-15,16920.92,36400.92
2023-09-14,16807.56,36157.07
2023-09-13,16581.51,35615.46
2023-09-12,16572.71,35595.96
2023-09-11,16432.95,35295.47
2023-09-08,16576.02,35593.17
2023-09-07,16619.14,35685.61
2023-09-06,16738.16,35940.09
2023-09-05,16791.61,36054.19
2023-09-04,16789.69,36049.5
2023-09-01,16644.94,35737.71
2023-08-31,16634.51,35715.18
2023-08-30,16719.82,35893.63
2023-08-29,16623.65,35686.65
2023-08-28,16509.26,35435.95
2023-08-25,16481.58,35370.65
2023-08-24,16770.87,35984.99
2023-08-23,16576.9,35563.32
2023-08-22,16437.61,35262.22
2023-08-21,16381.49,35141.56
2023-08-18,16381.31,35141.0
2023-08-17,16516.66,35428.05
2023-08-16,16446.78,35269.75
2023-08-15,16454.8,35282.85
2023-08-14,16393.66,35151.09
2023-08-11,16601.25,35596.18
2023-08-10,16634.7,35659.69
2023-08-09,16870.94,36142.32
2023-08-08,16877.07,36145.48
2023-08-07,16996.0,36399.79
2023-08-04,16843.68,36072.73
2023-08-02,16893.73,36133.38
2023-08-01,17212.87,36810.67
2023-07-31,17145.43,36654.26
2023-07-28,17292.93,36966.99
2023-07-27,17241.82,36852.39
2023-07-26,17162.55,36671.3
2023-07-25,17198.89,36728.74
2023-07-24,17033.61,36365.21
2023-07-21,17030.7,36358.14
2023-07-20,17164.89,36641.17
2023-07-19,17116.44,36511.33
2023-07-18,17227.91,36741.47
2023-07-17,17334.29,36958.91
2023-07-14,17283.71,36840.81
2023-07-13,17061.4,36359.21
2023-07-12,16962.03,36113.95
2023-07-11,16898.91,35967.64
2023-07-10,16652.8,35416.05
2023-07-07,16664.21,35432.95
2023-07-06,16762.17,35636.71
2023-07-05,17056.43,36239.97
2023-07-04,17140.77,36401.02
2023-07-03,17084.2,36153.24
2023-06-30,16915.54,35784.54
2023-06-29,16942.3,35686.11
2023-06-28,16935.63,35608.78
2023-06-27,16887.9,35493.22
2023-06-26,17059.24,35797.92
2023-06-21,17202.4,36095.11
2023-06-20,17184.91,36055.44
2023-06-19,17274.56,36149.02
2023-06-16,17288.91,36178.33
2023-06-15,17334.98,36269.21
2023-06-14,17238.14,36000.39
2023-06-13,17216.6,35944.73
2023-06-12,16955.37,35391.81
2023-06-09,16886.4,35246.92
2023-06-08,16733.69,34928.14
2023-06-07,16922.48,35320.33
2023-06-06,16761.66,34979.1
2023-06-05,16714.43,34875.44
2023-06-02,16706.91,34853.76
2023-06-01,16512.65,34447.18
2023-05-31,16578.96,34581.01
2023-05-30,16622.74,34671.86
2023-05-29,16636.3,34696.02
2023-05-26,16505.05,34421.85
2023-05-25,16292.0,33977.47
2023-05-24,16159.32,33699.37
2023-05-23,16188.03,33759.26
2023-05-22,16180.89,33744.36
2023-05-19,16174.92,33731.9
2023-05-18,16101.88,33579.59
2023-05-17,15925.29,33211.32
2023-05-16,15673.9,32687.07
2023-05-15,15475.05,32272.37
2023-05-12,15502.36,32329.33
2023-05-11,15514.64,32354.94
2023-05-10,15641.76,32620.03
2023-05-09,15727.7,32799.25
2023-05-08,15699.57,32740.59
2023-05-05,15626.07,32587.31
2023-05-04,15609.03,32551.79
2023-05-03,15553.41,32435.79
2023-05-02,15636.48,32609.04
2023-04-28,15579.18,32489.54
2023-04-27,15411.49,32139.82
2023-04-26,15374.63,32061.93
2023-04-25,15370.73,32053.74
2023-04-24,15626.87,32587.89
2023-04-21,15602.99,32538.08
2023-04-20,15707.52,32756.06
2023-04-19,15770.47,32883.14
2023-04-18,15869.44,33089.5
2023-04-17,15963.55,33285.73
2023-04-14,15929.43,33214.59
2023-04-13,15804.76,32938.39
2023-04-12,15932.97,33200.86
2023-04-11,15913.88,33161.09
2023-04-10,15876.17,33082.51
2023-04-07,15836.5,32999.84
2023-04-06,15810.77,32945.9
2023-03-31,15868.06,33065.28
2023-03-30,15849.43,33026.44
2023-03-29,15769.76,32851.87
2023-03-28,15701.48,32704.51
2023-03-27,15830.31,32972.26
2023-03-24,15914.7,33148.03
2023-03-23,15863.95,33039.48
2023-03-22,15760.46,32823.67
2023-03-21,15513.45,32309.24
2023-03-20,15419.97,32114.54
2023-03-17,15452.96,32183.27
2023-03-16,15221.12,31700.05
2023-03-15,15387.59,31988.75
2023-03-14,15360.42,31932.08
2023-03-13,15560.49,32348.0
2023-03-10,15526.2,32275.79
2023-03-09,15770.66,32783.98
2023-03-08,15818.2,32882.8
2023-03-07,15857.89,32965.31
2023-03-06,15763.51,32769.12
2023-03-03,15608.42,32446.71
2023-03-02,15598.72,32426.54
2023-03-01,15598.49,32426.08
2023-02-24,15503.79,32229.2
2023-02-23,15615.41,32461.25
2023-02-22,15418.77,32052.47
2023-02-21,15563.0,32352.28
2023-02-20,15551.23,32327.83
2023-02-17,15479.7,32179.12
2023-02-16,15550.5,32326.3
2023-02-15,15432.89,32081.82
2023-02-14,15654.48,32542.47
2023-02-13,15544.28,32313.37
2023-02-10,15586.65,32401.45
2023-02-09,15598.71,32426.53
2023-02-08,15618.17,32466.98
2023-02-07,15400.91,32015.35
2023-02-06,15392.82,31998.52
2023-02-03,15602.66,32434.73
2023-02-02,15595.16,32419.15
2023-02-01,15420.13,32055.19
2023-01-31,15265.2,31733.12
2023-01-30,15493.82,32208.37
2023-01-17,14932.93,31042.4
2023-01-16,14927.01,31030.1
2023-01-13,14824.13,30816.23
2023-01-12,14731.64,30623.96
2023-01-11,14751.44,30665.12
2023-01-10,14802.96,30772.22
2023-01-09,14752.21,30666.73
2023-01-06,14373.34,29879.13
2023-01-05,14301.05,29728.86
2023-01-04,14199.13,29516.99
2023-01-03,14224.12,29568.47
2022-12-30,14137.69,29388.8
2022-12-29,14085.02,29279.32
2022-12-28,14173.1,29462.4
2022-12-27,14328.43,29785.27
2022-12-26,14285.13,29695.27
2022-12-23,14271.63,29667.01
2022-12-22,14442.94,30023.13
2022-12-21,14234.4,29589.52
2022-12-20,14170.03,29455.72
2022-12-19,14433.32,30003.02
2022-12-16,14528.55,30200.61
2022-12-15,14734.13,30627.96
2022-12-14,14739.36,30590.6
2022-12-13,14522.96,30141.47
2022-12-12,14612.59,30327.49
2022-12-09,14705.43,30520.19
2022-12-08,14553.04,30203.92
2022-12-07,14630.01,30363.66
2022-12-06,14728.88,30568.76
2022-12-05,14980.74,31091.43
2022-12-02,14970.68,31070.56
2022-12-01,15012.8,31157.86
2022-11-30,14879.55,30881.32
2022-11-29,14709.64,30528.67
2022-11-28,14556.87,30211.62
2022-11-25,14778.51,30671.45
2022-11-24,14784.0,30682.84
2022-11-23,14608.54,30318.69
2022-11-22,14542.2,30181.01
2022-11-21,14449.39,29988.31
2022-11-18,14504.99,30103.62
2022-11-17,14535.23,30166.4
2022-11-16,14537.35,30170.51
2022-11-15,14546.31,30189.11
2022-11-14,14174.9,29418.21
2022-11-11,14007.56,29070.92
2022-11-10,13503.76,28025.33
2022-11-09,13638.81,28305.61
2022-11-08,13347.76,27701.59
2022-11-07,13223.73,27443.89
2022-11-04,13026.71,27035.01
2022-11-03,12986.6,26951.77
2022-11-02,13100.17,27187.46
2022-11-01,13037.21,27056.79
2022-10-31,12949.75,26875.28
2022-10-28,12788.42,26540.47
2022-10-27,12926.37,26826.77
2022-10-26,12729.05,26417.25
2022-10-25,12666.12,26286.65
2022-10-24,12856.98,26682.76
2022-10-21,12819.2,26604.35
2022-10-20,12946.1,26867.69
2022-10-19,12976.76,26931.3
2022-10-18,13124.68,27238.3
2022-10-17,12966.05,26908.03
2022-10-14,13128.12,27244.35
2022-10-13,12810.73,26585.61
2022-10-12,13081.24,27146.98
2022-10-11,13106.03,27198.43
2022-10-07,13702.28,28435.8
2022-10-06,13892.05,28829.62
2022-10-05,13801.43,28641.56
2022-10-04,13576.52,28174.81
2022-10-03,13300.48,27601.9
2022-09-30,13424.58,27859.42
2022-09-29,13534.26,28087.05
2022-09-28,13466.07,27945.29
2022-09-27,13826.59,28693.45
2022-09-26,13778.19,28592.98
2022-09-23,14118.38,29294.27
2022-09-22,14284.63,29639.23
2022-09-21,14424.52,29928.95
2022-09-20,14549.3,30187.51
2022-09-19,14425.68,29930.43
2022-09-16,14561.76,30212.2
2022-09-15,14670.04,30436.31
2022-09-14,14658.31,30363.77
2022-09-13,14894.41,30852.69
2022-09-12,14807.43,30672.46
2022-09-08,14583.42,30197.78
2022-07-18,14719.64,30113.26
2022-07-15,14550.62,29765.04
2022-07-14,14438.52,29527.24
2022-07-13,14324.68,29243.18
2022-07-12,13950.62,28472.79
2022-07-11,14340.53,29239.1
2022-07-08,14464.53,29479.35
2022-07-07,14336.27,29198.38
2022-07-06,13985.51,28467.18
2022-07-05,14349.2,29142.05
2022-07-04,14217.06,28828.92
2022-07-01,14343.08,28984.28
2022-06-30,14825.73,29955.51
2022-06-29,15240.13,30742.89
2022-06-28,15439.92,31044.99
2022-06-27,15548.01,31220.3
2022-06-24,15303.32,30677.22
2022-06-23,15176.44,30418.72
2022-06-22,15347.75,30677.99
2022-06-21,15728.64,31405.9
2022-06-20,15367.58,30656.95
2022-06-17,15641.26,31194.99
2022-06-16,15838.61,31584.23
2022-06-15,15999.25,31844.32
2022-06-14,16047.37,31936.87
2022-06-13,16070.98,31982.73
2022-06-10,16460.12,32757.15
2022-06-09,16621.34,33076.13
2022-06-08,16670.51,33166.38
2022-06-07,16512.88,32848.69
2022-06-06,16605.96,33033.84
2022-06-02,16552.57,32926.8
2022-06-01,16675.09,33169.15
2022-05-31,16807.77,33432.03
2022-05-30,16610.62,33038.79
2022-05-27,16266.22,32353.78
2022-05-26,15968.83,31762.0
2022-05-25,16104.03,32030.51
2022-05-24,15963.63,31751.26
2022-05-23,16156.41,32133.18
2022-05-20,16144.85,32110.18
2022-05-19,16020.32,31862.52
2022-05-18,16296.86,32412.52
2022-05-17,16056.09,31933.66
2022-05-16,15901.04,31625.29
2022-05-13,15832.54,31489.04
2022-05-12,15616.68,31059.72
2022-05-11,16006.25,31834.54
2022-05-10,16061.7,31944.81
2022-05-09,16048.92,31919.41
2022-05-06,16408.2,32633.97
2022-05-05,16696.12,33206.59
2022-05-04,16565.83,32947.47
2022-05-03,16498.9,32814.36
2022-04-29,16592.18,32999.88
2022-04-28,16419.38,32656.2
2022-04-27,16303.35,32425.21
2022-04-26,16644.79,33104.28
2022-04-25,16620.9,33056.78
2022-04-22,17025.09,33860.66
2022-04-21,17127.95,34059.54
2022-04-20,17148.88,34097.96
2022-04-19,16993.4,33788.8
2022-04-18,16898.87,33600.85
2022-04-15,17004.18,33810.23
2022-04-14,17245.65,34289.39
2022-04-13,17301.65,34398.91
2022-04-12,16990.91,33780.76
2022-04-11,17048.37,33895.0
2022-04-08,17284.54,34364.54
2022-04-07,17178.63,34153.06
2022-04-06,17522.5,34830.44
2022-04-01,17625.59,35035.36
2022-03-31,17693.47,35170.14
2022-03-30,17740.56,35261.35
2022-03-29,17548.66,34879.65
2022-03-28,17520.01,34822.7
2022-03-25,17676.95,35134.44
2022-03-24,17699.06,35172.9
2022-03-23,17731.37,35233.75
2022-03-22,17559.71,34892.65
2022-03-21,17560.36,34893.92
2022-03-18,17456.52,34687.58
2022-03-17,17448.22,34667.35
2022-03-16,16940.83,33658.87
2022-03-15,16926.06,33582.8
2022-03-14,17263.04,34247.9
2022-03-11,17264.74,34251.26
2022-03-10,17433.2,34585.32
2022-03-09,17015.36,33756.37
2022-03-08,16825.25,33379.22
2022-03-07,17178.69,34080.4
2022-03-04,17736.52,35187.07
2022-03-03,17934.4,35579.63
2022-03-02,17867.6,35447.12
2022-03-01,17898.25,35507.91
2022-02-25,17652.18,35019.74
2022-02-24,17594.55,34905.41
2022-02-23,18055.73,35817.6
2022-02-22,17969.29,35646.12
2022-02-21,18221.49,36146.41
2022-02-18,18232.35,36167.96
2022-02-17,18268.57,36239.81
2022-02-16,18231.47,36166.21
2022-02-15,17951.81,35611.45
2022-02-14,17997.67,35702.41
2022-02-11,18310.94,36323.85
2022-02-10,18338.05,36377.64
2022-02-09,18151.76,36008.1
2022-02-08,17966.56,35640.7
2022-02-07,17900.3,35509.26
2022-01-26,17674.4,35061.14
2022-01-25,17701.12,35114.14
2022-01-24,17989.04,35685.29
2022-01-21,17899.3,35507.27
2022-01-20,18218.28,36140.05
2022-01-19,18227.46,36158.25
2022-01-18,18378.64,36458.15
2022-01-17,18525.44,36749.36
2022-01-14,18403.33,36507.14
2022-01-13,18436.93,36573.78
2022-01-12,18375.4,36451.72
2022-01-11,18288.21,36276.06
2022-01-10,18239.38,36179.21
2022-01-07,18169.76,36041.12
2022-01-06,18367.92,36434.19
2022-01-05,18499.96,36696.09
2022-01-04,18526.35,36748.44
2022-01-03,18270.51,36240.96
2021-12-30,18218.84,36138.47
2021-12-29,18248.28,36196.87
2021-12-28,18196.81,36094.77
2021-12-27,18048.94,35801.46
2021-12-24,17961.64,35628.29
2021-12-23,17946.66,35598.57
2021-12-22,17826.83,35360.89
2021-12-21,17789.27,35286.39
2021-12-20,17669.11,35048.03
2021-12-17,17812.59,35332.58
2021-12-16,17785.74,35279.33
2021-12-15,17660.1,34983.75
2021-12-14,17599.37,34863.46
2021-12-13,17767.6,35196.71
2021-12-10,17826.26,35312.81
2021-12-09,17914.12,35486.84
2021-12-08,17832.42,35324.84
2021-12-07,17796.92,35254.47
2021-12-06,17688.21,35039.12
2021-12-03,17697.14,35056.82
2021-12-02,17724.88,35111.77
2021-12-01,17585.99,34836.57
2021-11-30,17427.76,34523.13
2021-11-29,17328.09,34325.66
2021-11-26,17369.39,34407.48
2021-11-25,17654.19,34971.55
2021-11-24,17642.52,34948.43
2021-11-23,17666.12,34994.93
2021-11-22,17803.54,35266.96
2021-11-19,17818.31,35296.18
2021-11-18,17841.37,35341.78
2021-11-17,17764.04,35188.59
2021-11-16,17693.13,35048.14
2021-11-15,17634.47,34931.93
2021-11-12,17518.13,34701.48
2021-11-11,17452.52,34571.52
2021-11-10,17559.65,34783.73
2021-11-09,17541.36,34747.5
2021-11-08,17415.3,34497.6
2021-11-05,17296.9,34263.04
2021-11-04,17078.86,33831.13
2021-11-03,17122.16,33916.91
2021-11-02,17065.97,33805.61
2021-11-01,17068.24,33809.74
2021-10-29,16987.41,33649.62
2021-10-28,17041.63,33757.02
2021-10-27,17074.55,33822.23
2021-10-26,17034.34,33742.48
2021-10-25,16894.24,33464.87
2021-10-22,16888.74,33453.97
2021-10-21,16889.51,33455.47
2021-10-20,16887.82,33452.13
2021-10-19,16900.67,33477.4
2021-10-18,16705.46,33090.48
2021-10-15,16781.19,33240.43
2021-10-14,16387.28,32460.17
2021-10-13,16347.99,32381.82
2021-10-12,16462.84,32609.2
2021-10-08,16640.43,32960.75
2021-10-07,16713.86,33106.02
2021-10-06,16393.16,32469.86
2021-10-05,16460.75,32603.51
2021-10-04,16408.35,32499.31
2021-10-01,16570.89,32820.68
2021-09-30,16934.77,33541.12
2021-09-29,16855.46,33384.01
2021-09-28,17181.44,34028.94
2021-09-27,17313.77,34291.01
2021-09-24,17260.19,34184.91
2021-09-23,17078.22,33822.63
2021-09-22,16925.82,33520.11
2021-09-17,17276.79,34214.17
2021-09-16,17278.7,34216.86
2021-09-15,17354.0,34315.08
2021-09-14,17434.9,34473.06
2021-09-13,17446.31,34494.35
2021-09-10,17474.57,34549.54
2021-09-09,17304.33,34211.57
2021-09-08,17270.49,34133.77
2021-09-07,17428.87,34439.09
2021-09-06,17495.3,34557.7
2021-09-03,17516.92,34587.69
2021-09-02,17319.76,34197.41
2021-09-01,17473.99,34498.84
2021-08-31,17490.29,34530.01
2021-08-30,17396.52,34324.95
2021-08-27,17209.93,33948.51
2021-08-26,17066.96,33663.34
2021-08-25,17045.86,33602.32
2021-08-24,16818.73,33129.78
2021-08-23,16741.84,32973.96
2021-08-20,16341.94,32167.66
2021-08-19,16375.4,32227.38
2021-08-18,16826.27,33109.84
2021-08-17,16661.36,32776.77
2021-08-16,16858.77,33154.82
2021-08-13,16982.11,33372.09
2021-08-12,17219.94,33834.38
2021-08-11,17227.18,33812.25
2021-08-10,17323.64,33988.85
2021-08-09,17485.15,34289.71
2021-08-06,17526.28,34362.26
2021-08-05,17603.12,34510.91
2021-08-04,17623.89,34527.7
2021-08-03,17553.76,34386.99
2021-08-02,17503.28,34278.96
2021-07-30,17247.41,33754.87
2021-07-29,17402.81,34037.87
2021-07-28,17135.22,33507.11
2021-07-27,17269.87,33751.15
2021-07-26,17403.56,33994.52
2021-07-23,17572.92,34266.71
2021-07-22,17572.33,34247.81
2021-07-21,17458.79,33966.93
2021-07-20,17528.74,34097.15
2021-07-19,17789.25,34591.67
2021-07-16,17895.25,34791.63
2021-07-15,18034.19,35061.04
2021-07-14,17845.75,34688.05
2021-07-13,17847.52,34690.33
2021-07-12,17814.33,34622.78
2021-07-09,17661.48,34324.65
2021-07-08,17866.09,34706.73
2021-07-07,17850.69,34667.52
2021-07-06,17913.07,34788.38
2021-07-05,17919.33,34762.44
2021-07-02,17710.15,34353.52
2021-07-01,17713.94,34360.8
2021-06-30,17755.46,34439.42
2021-06-29,17598.19,34120.48
2021-06-28,17590.97,34099.69
2021-06-25,17502.99,33927.54
2021-06-24,17407.96,33741.52
2021-06-23,17336.71,33600.58
2021-06-22,17075.55,33092.88
2021-06-21,17062.98,33067.56
2021-06-18,17318.54,33562.82
2021-06-17,17390.61,33698.45
2021-06-16,17307.86,33494.31
2021-06-15,17371.29,33615.86
2021-06-11,17213.52,33310.56
2021-06-10,17159.22,33205.34
2021-06-09,16966.22,32829.82
2021-06-08,17076.21,33038.11
2021-06-07,17083.91,33049.51
2021-06-04,17147.41,33171.89
2021-06-03,17246.16,33362.92
2021-06-02,17165.04,33203.21
2021-06-01,17162.38,33198.07
2021-05-31,17068.43,33015.96
2021-05-28,16870.86,32633.48
2021-05-27,16601.61,32111.73
2021-05-26,16643.69,32193.12
2021-05-25,16595.67,32100.23
2021-05-24,16338.29,31602.39
2021-05-21,16302.06,31532.31
2021-05-20,16042.36,31029.99
2021-05-19,16132.66,31204.65
2021-05-18,16145.98,31230.42
2021-05-17,15353.89,29698.31
2021-05-14,15827.09,30613.44
2021-05-13,15670.1,30309.78
2021-05-12,15902.37,30759.05
2021-05-11,16583.13,32075.5
2021-05-10,17235.61,33337.53
2021-05-07,17285.0,33433.07
2021-05-06,16994.36,32870.9
2021-05-05,16843.44,32579.0
2021-05-04,16933.78,32753.72
2021-05-03,17222.35,33311.88
2021-04-29,17566.66,33977.86
2021-04-28,17567.53,33979.54
2021-04-27,17595.9,34034.23
2021-04-26,17572.29,33988.57
2021-04-23,17300.27,33462.25
2021-04-22,17096.97,33064.53
2021-04-21,17202.11,33265.38
2021-04-20,17323.87,33500.84
2021-04-19,17263.28,33383.67
2021-04-16,17158.81,33181.65
2021-04-15,17076.73,33021.1
2021-04-14,16865.97,32612.69
2021-04-13,16824.91,32533.29
2021-04-12,16859.7,32600.56
2021-04-09,16854.1,32589.73
2021-04-08,16926.44,32726.7
2021-04-07,16815.36,32509.39
2021-04-06,16739.87,32362.18
2021-04-01,16571.28,32036.26
2021-03-31,16431.13,31765.32
2021-03-30,16554.9,32003.18
2021-03-29,16475.97,31850.6
2021-03-26,16305.88,31521.77
2021-03-25,16060.14,31046.61
2021-03-24,16032.12,30991.46
2021-03-23,16177.59,31272.68
2021-03-22,16189.22,31295.16
2021-03-19,16070.24,31064.96
2021-03-18,16287.84,31485.6
2021-03-17,16215.82,31346.38
2021-03-16,16313.16,31493.15
2021-03-15,16249.33,31369.93
2021-03-12,16255.18,31381.23
2021-03-11,16179.56,31235.22
2021-03-10,15911.67,30718.05
2021-03-09,15853.09,30604.96
2021-03-08,15820.11,30541.29
2021-03-05,15855.23,30609.1
2021-03-04,15906.41,30707.89
2021-03-03,16211.73,31297.08
2021-03-02,15946.88,30785.79
2021-02-26,15953.8,30799.13
2021-02-25,16452.18,31761.28
2021-02-24,16212.53,31298.62
2021-02-23,16443.4,31744.32
2021-02-22,16410.16,31680.15
2021-02-19,16341.38,31547.37
2021-02-18,16424.51,31707.86
2021-02-17,16362.29,31587.75
2021-02-05,15802.4,30506.87
2021-02-04,15706.22,30321.18
2021-02-03,15771.32,30446.86
2021-02-02,15760.05,30425.11
2021-02-01,15410.09,29749.49
2021-01-29,15138.31,29224.82
2021-01-28,15415.88,29760.67
2021-01-27,15701.45,30311.98
2021-01-26,15658.85,30229.73
2021-01-25,15946.54,30785.12
2021-01-22,16019.03,30925.07
2021-01-21,16153.77,31185.18
2021-01-19,15877.37,30651.59
2021-01-18,15612.0,30139.29
2021-01-15,15616.39,30147.77
2021-01-14,15707.19,30323.05
2021-01-13,15769.98,30444.28
2021-01-12,15500.7,29924.31
2021-01-11,15557.3,30033.59
2021-01-08,15463.95,29853.37
2021-01-07,15214.0,29370.83
2021-01-06,14983.13,28925.14
2021-01-05,15000.03,28957.76
2021-01-04,14902.03,28768.57
2020-12-31,14732.53,28441.36
2020-12-30,14687.7,28354.81
2020-12-29,14472.05,27938.5
2020-12-28,14483.07,27959.77
2020-12-25,14331.42,27667.0
2020-12-24,14280.28,27568.27
2020-12-23,14223.09,27457.87
2020-12-22,14177.46,27369.78
2020-12-21,14384.96,27770.36
2020-12-18,14249.96,27509.63
2020-12-17,14258.93,27526.93
2020-12-16,14304.46,27573.25
2020-12-15,14068.52,27118.44
2020-12-14,14211.05,27393.15
2020-12-11,14261.69,27490.76
2020-12-10,14249.49,27467.25
2020-12-09,14390.14,27738.37
2020-12-08,14360.4,27681.03
2020-12-07,14256.6,27480.95
2020-12-04,14132.44,27241.63
2020-12-03,13977.09,26942.18
2020-12-02,13989.14,26965.4
2020-12-01,13885.67,26765.95
2020-11-30,13722.89,26452.16
2020-11-27,13867.09,26730.12
2020-11-26,13845.66,26688.81
2020-11-25,13738.83,26482.87
2020-11-24,13807.13,26614.53
2020-11-23,13878.01,26751.16
2020-11-20,13716.44,26439.72
2020-11-19,13722.43,26451.27
2020-11-18,13773.29,26548.99
2020-11-17,13593.01,26201.49
2020-11-16,13551.83,26122.1
2020-11-13,13273.33,25585.09
2020-11-12,13221.78,25485.71
2020-11-11,13262.19,25563.6
2020-11-10,13081.72,25215.74
2020-11-09,13127.47,25303.93
2020-11-06,12973.53,25007.2
2020-11-05,12918.8,24901.7
2020-11-04,12867.9,24803.58
2020-11-03,12736.01,24549.37
2020-11-02,12591.31,24270.44
2020-10-30,12546.34,24183.76
2020-10-29,12662.91,24408.3
2020-10-28,12793.75,24660.38
2020-10-27,12875.01,24817.02
2020-10-26,12909.03,24882.59
2020-10-23,12898.82,24862.9
2020-10-22,12917.03,24898.0
2020-10-21,12877.25,24821.34
2020-10-20,12862.37,24792.15
2020-10-19,12908.34,24880.77
2020-10-16,12750.37,24576.27
2020-10-15,12827.82,24725.56
2020-10-14,12919.31,24901.9
2020-10-13,12947.13,24955.39
2020-10-12,12955.91,24972.31
2020-10-08,12887.19,24839.86
2020-10-07,12746.37,24568.43
2020-10-06,12704.23,24487.21
2020-10-05,12548.28,24186.55
2020-09-30,12515.61,24123.59
2020-09-29,12467.73,24031.3
2020-09-28,12462.76,24021.6
2020-09-25,12232.91,23578.57
2020-09-24,12264.38,23639.22
2020-09-23,12583.88,24253.82
2020-09-22,12645.51,24371.86
2020-09-21,12795.12,24660.21
2020-09-18,12875.62,24815.36
2020-09-17,12872.74,24809.79
2020-09-16,12976.76,24968.41
2020-09-15,12845.65,24714.31
2020-09-14,12787.82,24603.01
2020-09-11,12675.95,24387.76
2020-09-10,12691.75,24417.82
2020-09-09,12608.58,24257.5
2020-09-08,12663.56,24363.05
2020-09-07,12601.4,24236.75
2020-09-04,12637.95,24305.53
2020-09-03,12757.97,24536.35
2020-09-02,12699.5,24417.13
2020-09-01,12703.28,24423.75
2020-08-31,12591.45,24206.96
2020-08-28,12728.85,24470.55
2020-08-27,12797.31,24598.19
2020-08-26,12833.29,24662.81
2020-08-25,12758.25,24516.25
2020-08-24,12647.13,24299.76
2020-08-21,12607.84,24220.29
2020-08-20,12362.64,23747.14
2020-08-19,12778.64,24544.98
2020-08-18,12872.14,24724.04
2020-08-17,12956.11,24882.56
2020-08-14,12795.46,24574.0
2020-08-13,12763.13,24511.76
2020-08-12,12670.35,24306.81
2020-08-11,12780.19,24495.14
2020-08-10,12894.0,24698.5
2020-08-07,12828.87,24573.63
2020-08-06,12913.5,24727.43
2020-08-05,12802.3,24503.19
2020-08-04,12709.92,24316.14
2020-08-03,12513.03,23936.23
2020-07-31,12664.8,24215.43
2020-07-30,12722.92,24319.37
2020-07-29,12540.97,23962.29
2020-07-28,12586.73,24046.28
2020-07-27,12588.3,24040.46
2020-07-24,12304.04,23489.96
2020-07-23,12413.04,23689.48
2020-07-22,12473.27,23746.09
2020-07-21,12397.55,23599.11
2020-07-20,12174.54,23172.59
2020-07-17,12181.56,23184.28
2020-07-16,12157.74,23124.32
2020-07-15,12202.85,23189.68
2020-07-14,12209.01,23182.75
2020-07-13,12211.56,23170.84
2020-07-10,12073.68,22883.01
2020-07-09,12192.69,23105.57
2020-07-08,12170.19,23052.12
2020-07-07,12092.97,22893.68
2020-07-06,12116.7,22916.04
2020-07-03,11909.16,22502.26
2020-07-02,11805.14,22301.84
2020-07-01,11703.42,22054.55
2020-06-30,11621.24,21851.5
2020-06-29,11542.62,21695.37
2020-06-24,11660.67,21909.4
2020-06-23,11612.36,21811.11
2020-06-22,11572.93,21726.25
2020-06-19,11549.86,21678.39
2020-06-18,11548.33,21674.97
2020-06-17,11534.59,21607.63
2020-06-16,11511.64,21545.48
2020-06-15,11306.26,21158.29
2020-06-12,11429.94,21387.58
2020-06-11,11535.77,21583.83
2020-06-10,11720.16,21921.72
2020-06-09,11637.11,21764.92
2020-06-08,11610.32,21714.0
2020-06-05,11479.4,21468.9
2020-06-04,11393.23,21307.75
2020-06-03,11320.16,21171.1
2020-06-02,11127.93,20811.58
2020-06-01,11079.02,20719.37
2020-05-29,10942.16,20463.0
2020-05-28,10944.19,20466.81
2020-05-27,11014.66,20597.56
2020-05-26,10997.21,20564.92
2020-05-25,10871.18,20329.25
2020-05-22,10811.15,20216.98
2020-05-21,11008.31,20585.68
2020-05-20,10907.8,20397.73
2020-05-19,10860.44,20309.17
2020-05-18,10740.55,20084.97
2020-05-15,10814.92,20224.04
2020-05-14,10780.88,20160.38
2020-05-13,10938.27,20454.71
2020-05-12,10879.47,20344.75
2020-05-11,11013.26,20594.93
2020-05-08,10901.42,20385.8
2020-05-07,10842.92,20276.39
2020-05-06,10774.98,20149.35
2020-05-05,10774.61,20148.65
2020-05-04,10720.48,20047.43
2020-04-30,10992.14,20555.45
2020-04-29,10772.22,20144.18
2020-04-28,10616.06,19852.16
2020-04-27,10567.27,19760.92
2020-04-24,10347.36,19349.7
2020-04-23,10366.51,19385.51
2020-04-22,10307.74,19274.78
2020-04-21,10288.42,19238.56
2020-04-20,10586.71,19796.34
2020-04-17,10597.04,19815.66
2020-04-16,10375.48,19401.34
2020-04-15,10447.21,19535.48
2020-04-14,10332.94,19321.8
2020-04-13,10099.22,18884.77
2020-04-10,10157.61,18993.95
2020-04-09,10119.43,18922.57
2020-04-08,10137.47,18952.66
2020-04-07,9996.39,18688.58
2020-04-06,9818.74,18356.45
2020-04-01,9663.63,18066.47
2020-03-31,9708.06,18149.52
2020-03-30,9629.43,18002.36
2020-03-27,9698.92,18132.19
2020-03-26,9736.36,18201.16
2020-03-25,9644.75,18029.76
2020-03-24,9285.62,17358.42
2020-03-23,8890.03,16618.9
2020-03-20,9234.09,17262.09
2020-03-19,8681.34,16228.6
2020-03-18,9218.67,17192.79
2020-03-17,9439.63,17604.87
2020-03-16,9717.77,18123.61
2020-03-13,10128.87,18890.22
2020-03-12,10422.32,19437.49
2020-03-11,10893.75,20316.33
2020-03-10,11003.54,20521.09
2020-03-09,10977.64,20472.79
2020-03-06,11321.81,21114.65
2020-03-05,11514.82,21474.61
2020-03-04,11392.35,21246.2
2020-03-03,11327.72,21125.66
2020-03-02,11170.46,20832.38
2020-02-27,11292.17,21059.37
2020-02-26,11433.62,21323.17
2020-02-25,11540.23,21521.99
2020-02-24,11534.87,21512.0
2020-02-21,11686.35,21794.5
2020-02-20,11725.09,21866.74
2020-02-19,11758.84,21928.96
2020-02-18,11648.98,21724.09
2020-02-17,11763.51,21937.67
2020-02-14,11815.7,22035.0
2020-02-13,11791.78,21990.39
2020-02-12,11774.19,21957.59
2020-02-11,11664.04,21752.18
2020-02-10,11574.07,21584.38
2020-02-07,11612.81,21656.63
2020-02-06,11749.68,21911.88
2020-02-05,11573.62,21583.55
2020-02-04,11555.92,21550.55
2020-02-03,11354.92,21175.7
2020-01-31,11495.1,21437.11
2020-01-30,11421.74,21300.31
2020-01-20,12118.71,22600.08
2020-01-17,12090.29,22547.09
2020-01-16,12066.93,22503.52
2020-01-15,12091.88,22550.04
2020-01-14,12179.81,22714.03
2020-01-13,12113.42,22590.21
2020-01-10,12024.65,22424.68
2020-01-09,11970.63,22323.92
2020-01-08,11817.1,22037.6
2020-01-07,11880.32,22155.51
2020-01-06,11953.36,22291.72
2020-01-03,12110.43,22584.65
2020-01-02,12100.48,22566.08
2019-12-31,11997.14,22373.36
2019-12-30,12053.37,22478.22
2019-12-27,12091.59,22549.52
2019-12-26,12001.01,22380.58
2019-12-25,12008.13,22393.86
2019-12-24,11976.38,22334.66
2019-12-23,12022.23,22420.16
2019-12-20,11959.08,22302.39
2019-12-19,12018.9,22413.94
2019-12-18,12122.45,22566.75
2019-12-17,12097.01,22519.39
2019-12-16,11939.77,22226.67
2019-12-13,11927.73,22204.27
2019-12-12,11836.42,22034.28
2019-12-11,11700.77,21781.6
2019-12-10,11627.84,21645.83
2019-12-09,11660.77,21707.13
2019-12-06,11609.64,21611.96
2019-12-05,11594.65,21584.04
2019-12-04,11510.47,21427.33
2019-12-03,11531.58,21466.65
2019-12-02,11502.83,21413.13
2019-11-29,11489.57,21388.44
2019-11-28,11617.08,21625.8
2019-11-27,11647.46,21682.19
2019-11-26,11576.82,21550.55
2019-11-25,11561.58,21522.17
2019-11-22,11566.8,21531.88
2019-11-21,11558.27,21516.02
2019-11-20,11631.2,21651.77
2019-11-19,11656.4,21698.68
2019-11-18,11599.78,21593.28
2019-11-15,11525.6,21455.19
2019-11-14,11450.42,21315.25
2019-11-13,11467.83,21347.65
2019-11-12,11520.37,21445.46
2019-11-11,11427.28,21272.17
2019-11-08,11579.54,21555.61
2019-11-07,11606.56,21605.9
2019-11-06,11653.07,21692.48
2019-11-05,11644.03,21675.66
2019-11-04,11556.85,21513.38
2019-11-01,11399.53,21218.98
2019-10-31,11358.71,21142.99
2019-10-30,11380.28,21183.15
2019-10-29,11333.87,21096.75
2019-10-28,11315.02,21061.65
2019-10-25,11296.12,21026.13
2019-10-24,11320.14,21070.74
2019-10-23,11239.67,20920.95
2019-10-22,11271.25,20979.74
2019-10-21,11184.15,20817.62
2019-10-18,11180.22,20810.3
2019-10-17,11186.88,20822.69
2019-10-16,11162.83,20777.88
2019-10-15,11111.8,20682.89
2019-10-14,11066.95,20599.41
2019-10-09,10889.96,20269.96
2019-10-08,11017.31,20506.82
2019-10-07,10935.06,20353.73
2019-10-04,10894.48,20278.19
2019-10-03,10875.91,20243.63
2019-10-02,10947.88,20377.6
2019-10-01,10967.65,20411.12
2019-09-27,10829.68,20154.27
2019-09-26,10871.99,20233.0
2019-09-25,10873.69,20235.92
2019-09-24,10918.01,20318.25
2019-09-23,10919.02,20319.98
2019-09-20,10929.69,20339.81
2019-09-19,10894.7,20274.61
2019-09-18,10929.45,20306.99
2019-09-17,10874.5,20204.79
2019-09-16,10898.13,20248.6
2019-09-12,10827.55,20111.71
2019-09-11,10790.35,20042.62
2019-09-10,10753.58,19973.71
2019-09-09,10801.14,20062.05
2019-09-06,10780.64,20023.69
2019-09-05,10756.93,19979.16
2019-09-04,10657.31,19790.44
2019-09-03,10558.21,19605.96
2019-09-02,10634.85,19747.08
2019-08-30,10618.05,19714.34
2019-08-29,10462.43,19424.64
2019-08-28,10434.29,19365.75
2019-08-27,10387.23,19274.58
2019-08-26,10354.57,19208.29
2019-08-23,10538.11,19532.52
2019-08-22,10529.78,19512.96
2019-08-21,10525.8,19503.83
2019-08-20,10522.5,19493.72
2019-08-19,10488.75,19426.65
2019-08-16,10420.89,19299.26
2019-08-15,10327.13,19125.64
2019-08-14,10427.73,19306.45
2019-08-13,10362.66,19176.5
2019-08-12,10472.36,19360.92
2019-08-08,10494.49,19372.55
2019-08-07,10386.18,19164.33
2019-08-06,10394.75,19176.89
2019-08-05,10423.41,19219.3
2019-08-02,10549.04,19450.09
2019-08-01,10731.75,19784.89
2019-07-31,10823.81,19938.27
2019-07-30,10830.9,19933.84
2019-07-29,10885.73,20033.05
2019-07-26,10891.98,20032.69
2019-07-25,10941.41,20120.61
2019-07-24,10935.76,20028.94
2019-07-23,10947.26,20037.9
2019-07-22,10944.53,20027.2
2019-07-19,10873.19,19883.45
2019-07-18,10799.28,19740.32
2019-07-17,10828.48,19785.38
2019-07-16,10886.05,19886.65
2019-07-15,10876.43,19844.62
2019-07-12,10824.35,19728.58
2019-07-11,10843.42,19757.53
2019-07-10,10798.48,19645.53
2019-07-09,10702.78,19465.86
2019-07-08,10751.22,19532.87
2019-07-05,10785.73,19566.46
2019-07-04,10775.9,19544.38
2019-07-03,10743.77,19448.42
2019-07-02,10865.12,19637.41
2019-07-01,10895.46,19650.99
2019-06-28,10730.83,19337.63
2019-06-27,10773.9,19414.25
2019-06-26,10652.55,19191.67
2019-06-25,10706.72,19265.78
2019-06-24,10779.45,19394.94
2019-06-21,10803.77,19312.11
2019-06-20,10785.01,19278.58
2019-06-19,10775.34,19233.88
2019-06-18,10566.74,18859.26
2019-06-17,10530.54,18791.94
2019-06-14,10524.67,18780.55
2019-06-13,10561.01,18844.64
2019-06-12,10615.66,18941.41
2019-06-11,10607.76,18927.06
2019-06-10,10566.47,18853.39
2019-06-06,10409.2,18572.78
2019-06-05,10461.62,18666.31
2019-06-04,10429.12,18608.32
2019-06-03,10500.07,18734.92
2019-05-31,10498.49,18730.94
2019-05-30,10382.99,18524.78
2019-05-29,10301.78,18379.89
2019-05-28,10312.31,18398.68
2019-05-27,10334.13,18437.61
2019-05-24,10328.28,18427.17
2019-05-23,10308.37,18391.65
2019-05-22,10457.22,18656.68
2019-05-21,10464.5,18669.67
2019-05-20,10398.41,18551.76
2019-05-17,10384.11,18526.25
2019-05-16,10474.61,18687.72
2019-05-15,10560.71,18841.31
2019-05-14,10519.25,18767.35
2019-05-13,10558.29,18837.01
2019-05-10,10712.99,19113.0
2019-05-09,10733.67,19149.9
2019-05-08,10923.71,19488.95
2019-05-07,10987.14,19602.03
2019-05-06,10897.12,19441.43
2019-05-03,11096.3,19796.78
2019-05-02,11004.49,19632.97
2019-04-30,10967.73,19567.4
2019-04-29,,
2019-04-26,10952.47,19540.17
2019-04-25,11039.86,19696.08
2019-04-24,11027.64,19674.28
2019-04-23,11025.68,19670.79
2019-04-22,10987.71,19603.05
2019-04-19,10968.5,19568.77
2019-04-18,10962.02,19557.2
2019-04-17,10997.26,19620.09
2019-04-16,10927.85,19496.24
2019-04-15,10875.6,19403.03
2019-04-12,10805.3,19277.6
2019-04-11,10808.77,19283.8
2019-04-10,10868.14,19389.72
2019-04-09,10851.6,19360.21
2019-04-08,10800.57,19269.18
2019-04-03,10704.38,19097.57
2019-04-02,10690.3,19072.43
2019-04-01,10642.63,18987.39
2019-03-29,10641.04,18984.56
2019-03-28,10536.26,18797.62
2019-03-27,10542.7,18809.1
2019-03-26,10559.2,18838.55
2019-03-25,10479.48,18696.31
2019-03-22,10639.07,18981.04
2019-03-21,10609.55,18928.38
2019-03-20,10551.56,18824.92
2019-03-19,10512.32,18754.9
2019-03-18,10512.7,18755.58
2019-03-15,10439.24,18624.52
2019-03-14,10348.65,18462.9
2019-03-13,10373.32,18506.92
2019-03-12,10343.33,18453.41
2019-03-11,10250.28,18287.4
2019-03-08,10241.75,18272.19
2019-03-07,10311.68,18396.95
2019-03-06,10357.15,18478.07
2019-03-05,10305.26,18385.48
2019-03-04,10349.88,18465.1
2019-02-27,10389.17,18535.19
2019-02-26,10391.55,18539.45
2019-02-25,10390.93,18538.33
2019-02-22,10322.92,18417.0
2019-02-21,10319.53,18410.95
2019-02-20,10272.46,18326.97
2019-02-19,10152.26,18112.53
2019-02-18,10145.28,18100.07
2019-02-15,10064.78,17956.45
2019-02-14,10089.01,17999.69
2019-02-13,10090.58,18002.48
2019-02-12,10097.74,18015.26
2019-02-11,10004.25,17848.46
2019-01-30,9932.26,17720.03
2019-01-29,9931.59,17718.82
2019-01-28,10013.33,17864.67
2019-01-22,9894.66,17652.95
2019-01-21,9889.4,17643.56
2019-01-18,9836.06,17548.39
2019-01-17,9789.15,17464.7
2019-01-16,9763.81,17419.5
2019-01-15,9806.04,17494.85
2019-01-14,9708.22,17320.31
2019-01-11,9759.4,17411.63
2019-01-10,9720.69,17342.57
2019-01-09,9738.31,17374.0
2019-01-08,9563.6,17062.3
2019-01-07,9590.3,17109.94
2019-01-04,9382.51,16739.23
2019-01-03,9492.42,16935.32
2019-01-02,9554.14,17045.43
2018-12-28,9727.41,17354.55
2018-12-27,9641.56,17201.4
2018-12-26,9478.99,16911.35
2018-12-25,9527.09,16997.17
2018-12-24,9639.7,17198.08
2018-12-21,9676.67,17264.04
2018-12-20,9674.52,17260.2
2018-12-19,9783.21,17454.11
2018-12-18,9718.82,17339.23
2018-12-17,9787.53,17461.81
2018-12-14,9774.16,17437.96
2018-12-13,9858.76,17588.89
2018-12-12,9816.45,17513.41
2018-12-11,9707.04,17318.22
2018-12-10,9647.54,17212.06
2018-12-07,9760.88,17414.27
2018-12-06,9684.72,17278.4
2018-12-05,9916.74,17692.34
2018-12-04,10083.54,17989.93
2018-12-03,10137.87,18086.85
2018-11-30,9888.03,17641.12
2018-11-29,9885.36,17636.36
2018-11-28,9884.31,17634.48
2018-11-27,9778.62,17445.68
2018-11-26,9765.36,17421.79
2018-11-23,9667.3,17246.81
2018-11-22,9714.71,17331.4
2018-11-21,9741.52,17379.23
2018-11-20,9743.99,17383.64
2018-11-19,9828.69,17534.57
2018-11-16,9797.09,17478.2
2018-11-15,9826.46,17530.59
2018-11-14,9791.88,17468.89
2018-11-13,9775.84,17440.29
2018-11-12,9831.21,17539.06
2018-11-09,9830.01,17536.92
2018-11-08,9945.31,17742.62
2018-11-07,9908.35,17676.68
2018-11-06,9824.95,17527.59
2018-11-05,9889.81,17643.29
2018-11-02,9906.59,17673.23
2018-11-01,9844.74,17562.88
2018-10-31,9802.13,17486.87
2018-10-30,9526.11,16994.43
2018-10-29,9516.32,16976.96
2018-10-26,9489.18,16928.54
2018-10-25,9520.79,16984.75
2018-10-24,9759.4,17410.4
2018-10-23,9775.2,17438.61
2018-10-22,9974.28,17793.76
2018-10-19,9919.26,17695.59
2018-10-18,9953.73,17757.08
2018-10-17,9979.14,17802.39
2018-10-16,9981.1,17805.89
2018-10-15,9901.12,17663.03
2018-10-12,10045.81,17921.15
2018-10-11,9806.11,17493.53
2018-10-09,10466.83,18672.22
2018-10-08,10455.93,18652.78
2018-10-05,10517.12,18761.93
2018-10-04,10718.91,19121.92
2018-10-03,10863.94,19380.64
2018-10-02,10919.63,19479.99
2018-10-01,11051.8,19715.77
2018-09-28,11006.34,19634.67
2018-09-27,11034.19,19684.36
2018-09-26,10974.19,19577.05
2018-09-25,10978.85,19585.36
2018-09-21,10972.41,19573.87
2018-09-20,10831.41,19322.28
2018-09-19,10857.27,19366.08
2018-09-18,10760.21,19192.93
2018-09-17,10828.61,19309.26
2018-09-14,10868.14,19379.69
2018-09-13,10727.23,19128.42
2018-09-12,10722.57,19120.02
2018-09-11,10752.3,19172.67
2018-09-10,10725.8,19124.87
2018-09-07,10846.99,19340.95
2018-09-06,10924.3,19476.35
2018-09-05,10995.13,19598.41
2018-09-04,11021.38,19643.45
2018-09-03,10964.22,19539.04
2018-08-31,11063.94,19716.61
2018-08-30,11093.75,19769.4
2018-08-29,11099.57,19773.5
2018-08-28,10989.55,19575.62
2018-08-27,10902.21,19417.98
2018-08-24,10809.35,19249.4
2018-08-23,10863.13,19341.04
2018-08-22,10804.2,19233.18
2018-08-21,10792.2,19203.1
2018-08-20,10699.05,19026.21
2018-08-17,10690.96,19011.58
2018-08-16,10683.9,18997.39
2018-08-15,10716.75,19045.41
2018-08-14,10824.23,19232.48
2018-08-13,10748.92,19093.8
2018-08-10,10983.68,19510.42
2018-08-09,11028.07,19569.52
2018-08-08,11075.25,19636.72
2018-08-07,10983.44,19470.59
2018-08-06,11024.1,19542.06
2018-08-03,11012.43,19520.38
2018-08-02,10929.77,19370.81
2018-08-01,11098.13,19645.48
2018-07-31,11057.51,19552.69
2018-07-30,11033.54,19497.77
2018-07-27,11075.78,19554.47
2018-07-26,11010.61,19436.93
2018-07-25,10965.79,19335.32
2018-07-24,10995.39,19354.95
2018-07-23,10946.89,19266.21
2018-07-20,10932.11,19211.06
2018-07-19,10835.38,19038.74
2018-07-18,10842.46,19043.68
2018-07-17,10778.99,18922.8
2018-07-16,10817.45,18978.76
2018-07-13,10864.54,19055.59
2018-07-12,10738.38,18823.22
2018-07-11,10676.84,18685.73
2018-07-10,10756.89,18788.69
2018-07-09,10720.28,18681.78
2018-07-06,10608.57,18453.63
2018-07-05,10611.81,18453.79
2018-07-04,10721.87,18612.95
2018-07-03,10715.72,18556.03
2018-07-02,10777.94,18654.33
2018-06-29,10836.91,18744.53
2018-06-28,10654.28,18427.69
2018-06-27,10701.03,18499.01
2018-06-26,10742.17,18569.28
2018-06-25,10786.46,18612.93
2018-06-22,10899.28,18687.13
2018-06-21,10941.07,18758.61
2018-06-20,10927.44,18730.93
2018-06-19,10904.19,18690.5
2018-06-15,11087.47,19003.56
2018-06-14,11013.98,18874.83
2018-06-13,11173.21,19146.88
2018-06-12,11144.79,19098.15
2018-06-11,11149.23,19105.39
2018-06-08,11156.42,19117.71
2018-06-07,11251.75,19281.07
2018-06-06,11201.83,19195.12
2018-06-05,11100.11,19020.82
2018-06-04,11109.5,19035.91
2018-06-01,10949.08,18760.39
2018-05-31,10874.96,18632.87
2018-05-30,10821.17,18540.71
2018-05-29,10964.12,18785.63
2018-05-28,10987.77,18826.15
2018-05-25,10942.3,18748.25
2018-05-24,10936.93,18739.05
2018-05-23,10886.18,18652.1
2018-05-22,10938.73,18742.14
2018-05-21,10966.2,18789.19
2018-05-18,10830.84,18556.95
2018-05-17,10833.81,18562.03
2018-05-16,10897.57,18671.28
2018-05-15,10874.73,18632.15
2018-05-14,10952.39,18765.2
2018-05-11,10858.98,18605.16
2018-05-10,10760.21,18435.94
2018-05-09,10703.35,18338.52
2018-05-08,10691.38,18317.87
2018-05-07,10604.91,18169.72
2018-05-04,10529.37,18040.3
2018-05-03,10514.18,18014.28
2018-05-02,10618.81,18193.54
2018-04-30,10657.88,18260.48
2018-04-27,10553.43,18081.52
2018-04-26,10488.58,17970.41
2018-04-25,10559.97,18092.73
2018-04-24,10579.5,18126.19
2018-04-23,10697.13,18327.73
2018-04-20,10779.38,18468.64
2018-04-19,10971.22,18797.34
2018-04-18,10847.89,18586.02
2018-04-17,10810.45,18521.88
2018-04-16,10954.55,18768.77
2018-04-13,10965.39,18787.35
2018-04-12,10955.29,18770.03
2018-04-11,10974.02,18802.14
2018-04-10,10927.18,18721.88
2018-04-09,10893.53,18664.23
2018-04-03,10821.53,18540.87
2018-04-02,10888.27,18655.21
2018-03-30,10906.22,18685.97
2018-03-29,10845.92,18582.66
2018-03-28,10865.66,18616.48
2018-03-27,10986.79,18824.0
2018-03-26,10840.05,18572.59
2018-03-23,10823.33,18543.95
2018-03-22,11005.84,18856.65
2018-03-21,11011.07,18865.6
2018-03-20,11010.84,18865.21
2018-03-19,11046.9,18927.0
2018-03-16,11027.7,18894.1
2018-03-15,11018.45,18878.25
2018-03-14,11038.8,18913.13
2018-03-13,11095.63,19010.49
2018-03-12,11002.1,18850.23
2018-03-09,10864.82,18615.03
2018-03-08,10823.24,18543.8
2018-03-07,10745.32,18410.3
2018-03-06,10784.34,18477.15
2018-03-05,10642.9,18234.8
2018-03-02,10698.17,18329.51
2018-03-01,10785.79,18479.63
2018-02-27,10815.47,18530.49
2018-02-26,10836.7,18566.86
2018-02-23,10794.55,18494.63
2018-02-22,10662.38,18268.19
2018-02-21,10714.44,18357.38
2018-02-12,10421.09,17854.78
2018-02-09,10371.75,17770.24
2018-02-08,10528.52,18038.84
2018-02-07,10551.54,18078.29
2018-02-06,10404.0,17825.49
2018-02-05,10946.25,18754.55
2018-02-02,11126.23,19062.91
2018-02-01,11160.25,19121.21
2018-01-31,11103.79,19024.46
2018-01-30,11076.78,18978.19
2018-01-29,11221.81,19226.67
2018-01-26,11147.1,19098.67
2018-01-25,11165.95,19130.97
2018-01-24,11152.16,19107.34
2018-01-23,11253.11,19280.3
2018-01-22,11231.46,19243.21
2018-01-19,11150.85,19105.09
2018-01-18,11071.57,18969.26
2018-01-17,11004.8,18854.87
2018-01-16,10986.11,18822.84
2018-01-15,10956.31,18771.78
2018-01-12,10883.96,18647.82
2018-01-11,10810.06,18521.21
2018-01-10,10831.09,18557.24
2018-01-09,10914.89,18700.83
2018-01-08,10915.75,18702.3
2018-01-05,10879.8,18640.7
2018-01-04,10848.63,18587.3
2018-01-03,10801.57,18506.67
2018-01-02,10710.73,18351.03
2022-09-07,14410.05,29838.1
2022-09-06,14677.2,30389.34
2022-09-05,14661.1,30353.92
2022-09-02,14673.04,30372.86
2022-09-01,14801.86,30639.3
2022-08-31,15095.44,31245.85
2022-08-30,14953.63,30952.11
2022-08-29,14926.19,30892.09
2022-08-26,15278.44,31619.42
2022-08-25,15200.04,31453.34
2022-08-24,15069.19,31170.55
2022-08-23,15095.89,31217.56
2022-08-22,15245.14,31524.04
2022-08-19,15408.78,31861.63
2022-08-18,15396.76,31833.17
2022-08-17,15465.45,31971.14
2022-08-16,15420.57,31871.72
2022-08-15,15417.35,31862.57
2022-08-12,15288.97,31597.15
2022-08-11,15197.85,31406.04
2022-08-10,14939.02,30845.08
2022-08-09,15050.28,31058.17
2022-08-08,15020.41,30990.22
2022-08-05,15036.04,31021.45
2022-08-04,14702.2,30332.58
2022-08-03,14777.02,30453.48
2022-08-02,14747.23,30382.48
2022-08-01,14981.69,30862.41
2022-07-29,15000.07,30879.57
2022-07-28,14891.9,30630.82
2022-07-27,14921.59,30656.81
2022-07-26,14806.78,30390.4
2022-07-25,14936.33,30615.98
2022-07-22,14949.36,30634.92
2022-07-21,14937.7,30609.71
2022-07-20,14733.22,30175.46
2022-07-19,14694.08,30071.97
2021-01-20,15806.18,30514.16
2019-01-25,9969.61,17786.66
2019-01-24,9877.12,17621.65
2019-01-23,9846.4,17566.84
