stock_id,D,matched,n_candidates,announce_date,announce_time,first_close,lead,subject,agm_date,closure_start,D_implied
1215,2019-04-19,True,1,2019-03-25,154524,2019-03-26,16.0,董事會決議召開108年股東常會,2019-06-26,2019-04-28,2019-04-19
1215,2020-04-17,True,1,2020-03-24,164755,2020-03-25,15.0,董事會決議召開109年股東常會,2020-06-23,2020-04-25,2020-04-17
1218,2023-04-21,True,1,2023-03-15,214249,2023-03-16,23.0,公告本公司董事會決議召開112年股東常會,2023-06-30,2023-05-02,2023-04-21
1225,2025-04-18,True,1,2025-03-12,184604,2025-03-13,24.0,公告本公司董事會決議召開114年股東常會事宜,2025-06-26,2025-04-28,2025-04-18
1256,2020-03-20,True,1,2020-03-06,165252,2020-03-09,9.0,公告本公司董事會決議召開民國一○九年股東常會,2020-05-28,2020-03-30,2020-03-20
1262,2018-04-03,False,0,,,,,,,,
1304,2023-03-24,True,1,2023-03-07,162047,2023-03-08,12.0,公告本公司董事會決議112年股東常會召開日期、召集事由、停止過戶日期及受理股東提案期間,2023-05-31,2023-04-02,2023-03-24
1305,2023-03-20,True,1,2023-03-02,173848,2023-03-03,11.0,公告本公司董事會決議召集一一二年股東常會相關事項。,2023-05-26,2023-03-28,2023-03-20
1309,2022-03-21,True,1,2022-03-09,182336,2022-03-10,7.0,公告本公司董事會決議召集一一一年股東常會相關事項。,2022-05-27,2022-03-29,2022-03-21
1309,2023-03-24,True,1,2023-03-03,155959,2023-03-06,14.0,公告本公司董事會決議召集一一二年股東常會相關事項。,2023-05-30,2023-04-01,2023-03-24
1310,2020-03-20,True,1,2020-03-11,164935,2020-03-12,6.0,公告本公司董事會召開109年股東常會事宜,2020-05-27,2020-03-29,2020-03-20
1312,2019-04-08,True,1,2019-03-21,134447,2019-03-22,9.0,公告本公司董事會決議召開108年股東常會事宜,2019-06-14,2019-04-16,2019-04-08
1312,2020-04-06,True,1,2020-03-19,165316,2020-03-20,9.0,公告本公司董事會決議召開109年股東常會事宜,2020-06-12,2020-04-14,2020-04-06
1312,2023-04-21,True,1,2023-04-11,151311,2023-04-12,7.0,公告本公司董事會決議召開112年股東常會事宜,2023-06-28,2023-04-30,2023-04-21
1316,2025-03-14,True,1,2025-03-04,150039,2025-03-05,7.0,公告本公司114年股東常會相關事宜,2025-05-22,2025-03-24,2025-03-14
1319,2019-04-12,True,1,2019-03-22,145733,2019-03-25,12.0,公告本公司董事會決議召開108年股東常會相關事宜,2019-06-20,2019-04-22,2019-04-12
1325,2021-04-22,True,1,2021-03-30,134819,2021-03-31,14.0,公告本公司董事會決議召開110年股東常會。,2021-06-28,2021-04-30,2021-04-22
1325,2022-04-22,True,1,2022-03-25,165010,2022-03-28,17.0,公告本公司董事會決議召開111年股東常會。,2022-06-29,2022-05-01,2022-04-22
1325,2024-04-15,True,1,2024-03-15,153547,2024-03-18,18.0,公告本公司董事會決議召開113年股東常會,2024-06-21,2024-04-23,2024-04-15
1325,2025-04-14,True,1,2025-03-14,145810,2025-03-17,18.0,公告本公司董事會決議召開114年股東常會,2025-06-20,2025-04-22,2025-04-14
1436,2025-03-14,True,1,2025-02-26,161021,2025-02-27,10.0,公告本公司董事會決議召開114年股東常會相關事宜及國內轉換公司債停止轉換期間,2025-05-22,2025-03-24,2025-03-14
1442,2023-04-07,True,1,2023-03-13,161931,2023-03-14,15.0,公告本公司董事會通過召開112年股東常會相關事宜,2023-06-13,2023-04-15,2023-04-07
1442,2025-04-11,True,1,2025-03-13,152919,2025-03-14,18.0,公告本公司董事會通過召開114年股東常會相關事宜,2025-06-19,2025-04-21,2025-04-11
1444,2021-04-16,True,1,2021-03-29,174418,2021-03-30,11.0,召開110年股東常會事宜。,2021-06-23,2021-04-25,2021-04-16
1455,2018-04-02,True,1,2018-03-16,160000,2018-03-19,10.0,本公司董事會決議召開107年股東常會及相關事宜,2018-06-11,2018-04-13,2018-04-02
1457,2018-03-27,True,1,2018-03-12,140023,2018-03-13,10.0,公告本公司董事會決議召開107年股東會相關事宜,2018-06-01,2018-04-03,2018-03-26
1466,2021-04-19,True,1,2021-03-24,182857,2021-03-25,15.0,召開民國110年股東常會。,2021-06-25,2021-04-27,2021-04-19
1466,2025-04-11,True,1,2025-03-14,155718,2025-03-17,17.0,召開民國114年股東常會。,2025-06-17,2025-04-19,2025-04-11
1476,2018-04-03,True,1,2018-03-15,170409,2018-03-16,12.0,公告本公司107/03/15董事會決議召開107年股東常會,2018-06-14,2018-04-16,2018-04-03
1476,2019-04-12,True,1,2019-03-14,185405,2019-03-15,18.0,儒鴻108/03/14董事會決議召開108年股東常會公告,2019-06-18,2019-04-20,2019-04-12
1513,2023-03-17,True,1,2023-03-08,160309,2023-03-09,6.0,本公司董事會決議召開112年股東常會,2023-05-24,2023-03-26,2023-03-17
1515,2018-03-16,True,1,2018-02-27,164900,2018-03-01,11.0,力山董事會決議召開107年股東常會公告,2018-05-24,2018-03-26,2018-03-16
1515,2019-03-15,True,1,2019-02-26,165251,2019-02-27,10.0,力山董事會決議召開108年股東常會公告,2019-05-21,2019-03-23,2019-03-15
1515,2020-04-10,True,1,2020-03-23,173231,2020-03-24,11.0,力山董事會決議召開109年股東常會公告,2020-06-18,2020-04-20,2020-04-10
1515,2022-03-25,True,1,2022-03-15,172213,2022-03-16,7.0,力山董事會決議召開111年股東常會公告,2022-05-31,2022-04-02,2022-03-25
1515,2024-03-22,True,1,2024-02-27,185820,2024-02-29,16.0,本公司董事會決議召開113年股東常會公告,2024-05-30,2024-04-01,2024-03-22
1519,2022-04-08,True,1,2022-03-23,175604,2022-03-24,9.0,公告本公司董事會決議召開111年股東常會相關事宜,2022-06-15,2022-04-17,2022-04-08
1519,2024-04-03,True,1,2024-03-08,171904,2024-03-11,17.0,公告本公司董事會決議召開113年股東常會相關事宜,2024-06-13,2024-04-15,2024-04-03
1522,2018-04-13,True,1,2018-03-23,145443,2018-03-26,11.0,公告董事會決議股東會召開相關事宜,2018-06-21,2018-04-23,2018-04-13
1524,2023-04-07,True,1,2023-03-10,145438,2023-03-13,16.0,公告召開本公司一一二年股東常會事宜,2023-06-14,2023-04-16,2023-04-07
1526,2018-04-20,True,1,2018-03-24,130314,2018-03-26,16.0,公告本公司董事會決議召開107年股東常會相關事宜,2018-06-26,2018-04-28,2018-04-20
1526,2019-04-22,True,1,2019-03-19,152949,2019-03-20,21.0,公告本公司董事會決議召開108年股東常會相關事宜,2019-06-28,2019-04-30,2019-04-22
1527,2018-04-20,True,1,2018-03-19,172105,2018-03-20,20.0,董事會決議召開107年股東常會XXXXXXXXXXXXXXXXXXXXXXXXXXXXXX,2018-06-28,2018-04-30,2018-04-20
1533,2022-04-08,True,1,2022-03-22,174618,2022-03-23,10.0,董事會決議召開111年股東常會公告,2022-06-14,2022-04-16,2022-04-08
1536,2018-04-03,True,1,2018-03-22,162509,2018-03-23,7.0,本公司董事會決議召開一○七年股東常會公告,2018-06-12,2018-04-14,2018-04-03
1536,2019-04-03,True,1,2019-03-21,163214,2019-03-22,8.0,本公司董事會決議召開一○八年股東常會公告,2019-06-12,2019-04-14,2019-04-03
1536,2022-03-30,True,1,2022-03-16,183602,2022-03-17,9.0,公告本公司召開股東常會相關事宜,2022-06-08,2022-04-10,2022-03-30
1536,2026-03-23,True,1,2026-03-12,171403,2026-03-13,6.0,公告本公司召開股東常會相關事宜,2026-05-29,2026-03-31,2026-03-23
1560,2023-04-14,True,1,2023-02-23,155015,2023-02-24,30.0,公告本公司董事會決議召開112年股東常會,2023-06-20,2023-04-22,2023-04-14
1560,2024-04-18,True,1,2024-02-27,153206,2024-02-29,33.0,公告董事會決議召集113年股東常會事宜,2024-06-24,2024-04-26,2024-04-18
1582,2019-04-12,True,1,2019-03-14,162730,2019-03-15,18.0,公告本公司董事會決議召開108年股東常會日期、召集事由及停止變更股東名簿記載之日期,2019-06-20,2019-04-22,2019-04-12
1589,2018-03-28,True,1,2018-03-08,172153,2018-03-09,13.0,公告本公司董事會決議通過召開2018年股東常會相關事宜,2018-06-05,2018-04-07,2018-03-27
1589,2023-04-10,True,1,2023-03-16,141135,2023-03-17,13.0,公告本公司董事會決議通過召開2023年股東常會相關事宜,2023-06-16,2023-04-18,2023-04-10
1589,2024-03-25,True,1,2024-03-12,183922,2024-03-13,8.0,公告本公司董事會決議通過召開2024年股東常會相關事宜,2024-05-31,2024-04-02,2024-03-25
1590,2019-04-15,True,1,2019-03-14,165618,2019-03-15,19.0,本公司董事會決議召開108年股東常會之相關事宜,2019-06-21,2019-04-23,2019-04-15
1598,2021-03-22,True,1,2021-03-04,175210,2021-03-05,11.0,公告本公司董事會決議召開110年股東會事宜,2021-05-28,2021-03-30,2021-03-22
1598,2022-03-21,True,1,2022-03-09,175658,2022-03-10,7.0,公告本公司董事會決議召開111年股東會事宜,2022-05-27,2022-03-29,2022-03-21
1609,2025-03-17,True,1,2025-03-06,145442,2025-03-07,6.0,公告本公司董事會決議召開114年股東常會相關事宜,2025-05-23,2025-03-25,2025-03-17
1611,2022-03-25,True,1,2022-03-10,164717,2022-03-11,10.0,公告本公司111年股東常會相關事宜,2022-05-31,2022-04-02,2022-03-25
1707,2018-03-23,True,1,2018-03-09,141807,2018-03-12,9.0,公告本公司董事會決議召開107年股東常會,2018-05-29,2018-03-31,2018-03-23
1710,2020-04-10,True,1,2020-03-25,144203,2020-03-26,9.0,董事會決議召開股東常會。,2020-06-16,2020-04-18,2020-04-10
1711,2022-03-18,True,1,2022-01-12,150929,2022-01-13,38.0,本公司董事會決議股東會召開日期、召集事由及停止過戶日期等,2022-05-26,2022-03-28,2022-03-18
1712,2023-03-24,True,1,2023-02-24,155430,2023-03-01,17.0,公告本公司董事會決議召開112年股東常會相關事宜,2023-05-30,2023-04-01,2023-03-24
1721,2022-04-08,True,1,2022-03-15,164649,2022-03-16,15.0,三晃(股)公司召開111年股東常會事宜,2022-06-15,2022-04-17,2022-04-08
1727,2022-03-21,True,1,2022-02-23,164450,2022-02-24,16.0,公告本公司董事會決議：股東會日期、召集事由及停止過戶之日期等,2022-05-27,2022-03-29,2022-03-21
1731,2020-03-20,True,1,2020-02-26,152549,2020-02-27,15.0,公告本公司109年股東常會相關事宜。,2020-05-27,2020-03-29,2020-03-20
1732,2021-04-09,True,1,2021-03-24,170054,2021-03-25,9.0,公告本公司召開一一0年度股東常會。,2021-06-17,2021-04-19,2021-04-09
1732,2022-04-08,True,1,2022-03-24,175527,2022-03-25,8.0,公告本公司召開一一一年度股東常會。,2022-06-16,2022-04-18,2022-04-08
1732,2024-04-03,True,1,2024-03-12,150025,2024-03-13,15.0,公告本公司召開113年度股東常會。,2024-06-13,2024-04-15,2024-04-03
1736,2020-04-01,True,2,2020-03-20,181314,2020-03-23,7.0,公告本公司董事會決議召開109年股東常會,2020-06-10,2020-04-12,2020-04-01
1736,2021-04-19,True,1,2021-03-26,175637,2021-03-29,13.0,公告本公司董事會決議召開110年股東常會,2021-06-25,2021-04-27,2021-04-19
1736,2023-04-21,True,1,2023-03-14,172939,2023-03-15,24.0,公告本公司董事會決議召開112年股東常會,2023-06-28,2023-04-30,2023-04-21
1760,2021-03-25,True,1,2021-03-16,165622,2021-03-17,6.0,公告本公司董事會決議召開本公司110年股東常會,2021-06-04,2021-04-06,2021-03-25
1760,2023-04-21,True,1,2023-03-30,155211,2023-03-31,12.0,公告本公司董事會決議召開本公司112年股東常會,2023-06-29,2023-05-01,2023-04-21
1762,2021-03-18,True,1,2021-03-04,183749,2021-03-05,9.0,公告本公司董事會決議召開110年股東常會相關事宜,2021-05-24,2021-03-26,2021-03-18
1802,2023-04-07,True,1,2023-03-06,170952,2023-03-07,20.0,公告本公司董事會決議召開112年股東常會事宜,2023-06-14,2023-04-16,2023-04-07
1808,2018-04-02,True,1,2018-03-21,130843,2018-03-21,8.0,公告本公司董事會決議召開一Ｏ七年股東常會相關事宜,2018-06-11,2018-04-13,2018-04-02
1808,2019-04-02,True,1,2019-03-08,134409,2019-03-11,16.0,公告本公司董事會決議召開一Ｏ八年股東常會相關事宜,2019-06-10,2019-04-12,2019-04-02
1808,2023-04-07,True,1,2023-03-10,151427,2023-03-13,16.0,公告本公司董事會決議召開一一二年股東常會相關事宜,2023-06-13,2023-04-15,2023-04-07
1808,2025-04-11,True,2,2025-03-10,150755,2025-03-11,21.0,公告本公司董事會決議召開一一四年股東常會相關事宜,2025-06-17,2025-04-19,2025-04-11
1810,2023-04-14,True,1,2023-03-14,172039,2023-03-15,19.0,公告本公司董事會決議召開112年度股東常會,2023-06-21,2023-04-23,2023-04-14
1904,2019-04-03,True,1,2019-03-25,165005,2019-03-26,6.0,公告董事會決議108年股東常會召開事宜,2019-06-13,2019-04-15,2019-04-03
1905,2022-04-11,True,1,2022-03-15,175729,2022-03-16,16.0,公告本公司董事會決議召開111年股東常會之相關事宜,2022-06-17,2022-04-19,2022-04-11
1909,2018-04-03,True,1,2018-03-21,193850,2018-03-22,8.0,榮成董事會決議召開一○七年股東常會,2018-06-12,2018-04-14,2018-04-03
1909,2020-03-25,True,2,2020-03-13,182039,2020-03-16,7.0,榮成董事會決議召開一○九年股東常會,2020-06-02,2020-04-04,2020-03-25
1909,2022-03-30,True,1,2022-03-11,160051,2022-03-14,12.0,榮成董事會決議召開一一一年股東常會,2022-06-08,2022-04-10,2022-03-30
2007,2022-04-15,True,1,2022-03-09,192314,2022-03-10,24.0,董事會決議召開111年股東常會,2022-06-22,2022-04-24,2022-04-15
2009,2021-04-16,True,1,2021-03-22,173635,2021-03-23,16.0,公告本公司董事會決議召開110年股東常會相關事宜。,2021-06-24,2021-04-26,2021-04-16
2009,2023-04-07,True,1,2023-03-06,174627,2023-03-07,20.0,公告本公司董事會決議召開112年股東常會相關事宜。,2023-06-15,2023-04-17,2023-04-07
2013,2019-04-12,True,1,2019-03-21,172257,2019-03-22,13.0,公告本公司第十四屆第十五次董事會會議決議通過召開股東會事宜。,2019-06-18,2019-04-20,2019-04-12
2014,2023-04-21,True,1,2023-02-23,155501,2023-02-24,35.0,公告本公司董事會決議112年股東常會召開事宜,2023-06-28,2023-04-30,2023-04-21
2023,2018-04-13,True,1,2018-03-21,175250,2018-03-22,13.0,公告本公司董事會決議召開107年股東會日期及相關事宜,2018-06-21,2018-04-23,2018-04-13
2027,2018-03-29,True,1,2018-03-19,172749,2018-03-20,7.0,公告本公司董事會決議召開107年股東常會公告。,2018-06-08,2018-04-10,2018-03-28
2027,2019-04-12,True,1,2019-03-26,145521,2019-03-27,10.0,公告本公司董事會決議召開108年股東常會公告。,2019-06-18,2019-04-20,2019-04-12
2027,2020-04-16,True,1,2020-03-26,153444,2020-03-27,12.0,公告本公司董事會決議召開109年股東常會公告。,2020-06-22,2020-04-24,2020-04-16
2031,2019-04-03,True,1,2019-03-19,164634,2019-03-20,10.0,本公司董事會決議召開股東常會,2019-06-11,2019-04-13,2019-04-03
2031,2023-04-07,True,1,2023-03-17,135016,2023-03-20,11.0,本公司董事會決議召開112年股東常會,2023-06-15,2023-04-17,2023-04-07
2038,2023-04-14,True,1,2023-03-24,140024,2023-03-27,11.0,公告本公司董事會決議召開112年股東常會相關事宜,2023-06-20,2023-04-22,2023-04-14
2049,2018-04-20,True,1,2018-03-22,174403,2018-03-23,17.0,董事會決議召開2018年股東常會公告,2018-06-27,2018-04-29,2018-04-20
2049,2019-04-22,True,1,2019-03-26,190027,2019-03-27,16.0,董事會決議召開2019年股東常會公告,2019-06-28,2019-04-30,2019-04-22
2049,2020-04-13,True,1,2020-03-25,173043,2020-03-26,10.0,董事會決議召開2020年股東常會公告,2020-06-19,2020-04-21,2020-04-13
2069,2019-04-15,True,1,2019-03-22,174248,2019-03-25,13.0,公告本公司董事會決議召開108年股東常會,2019-06-21,2019-04-23,2019-04-15
2101,2025-03-14,True,1,2025-03-04,201422,2025-03-05,7.0,本公司召開114年股東常會公告,2025-05-22,2025-03-24,2025-03-14
2102,2020-04-13,True,1,2020-03-27,155902,2020-03-30,8.0,公告本公司董事會決議召開股東常會事宜,2020-06-19,2020-04-21,2020-04-13
2104,2024-03-22,True,2,2024-02-26,170854,2024-02-27,17.0,公告本公司董事會決議召開113年股東常會,2024-05-28,2024-03-30,2024-03-22
2108,2023-03-24,True,1,2023-03-07,133623,2023-03-08,12.0,重大訊息申報──董事會決議召開112年股東常會,2023-05-30,2023-04-01,2023-03-24
2109,2018-04-20,True,1,2018-03-27,194219,2018-03-28,14.0,公告本公司董事會決議召開107年股東常會相關事宜,2018-06-27,2018-04-29,2018-04-20
2201,2023-03-24,True,1,2023-03-09,183155,2023-03-10,10.0,本公司董事會決議召開股東常會,2023-05-31,2023-04-02,2023-03-24
2208,2020-04-10,True,1,2020-03-20,152446,2020-03-23,12.0,董事會決議召開109年股東常會,2020-06-17,2020-04-19,2020-04-10
2208,2021-04-19,True,1,2021-03-18,160953,2021-03-19,19.0,董事會決議召開110年股東常會,2021-06-25,2021-04-27,2021-04-19
2231,2018-03-29,True,1,2018-03-01,154740,2018-03-02,19.0,公告本公司董事會決議召開一○七年股東常會事宜,2018-06-08,2018-04-10,2018-03-28
2231,2019-01-30,True,1,2019-01-21,175039,2019-01-22,6.0,公告本公司董事會決議召開一○八年股東常會事宜,2019-04-17,2019-02-17,2019-01-30
2231,2020-04-01,True,1,2020-03-23,165927,2020-03-24,6.0,公告本公司董事會決議召開一○九年股東常會事宜,2020-06-09,2020-04-11,2020-04-01
2231,2022-03-18,True,1,2022-03-08,195620,2022-03-09,7.0,公告本公司董事會決議召開一一一年股東常會事宜,2022-05-26,2022-03-28,2022-03-18
2239,2019-04-18,True,1,2019-03-25,174410,2019-03-26,15.0,公告本公司董事會決議召開108年股東常會相關事宜,2019-06-24,2019-04-26,2019-04-18
2243,2023-04-21,True,1,2023-03-29,210912,2023-03-30,13.0,本公司111年股東常會召開日期,2023-06-29,2023-05-01,2023-04-21
2301,2024-03-21,True,1,2024-02-26,172750,2024-02-27,16.0,董事會決議召開113年股東常會,2024-05-27,2024-03-29,2024-03-21
2303,2019-04-03,True,2,2019-03-06,174426,2019-03-07,19.0,公告本公司董事會決議召開股東常會,2019-06-12,2019-04-14,2019-04-03
2303,2020-04-01,True,1,2020-02-26,162452,2020-02-27,23.0,公告本公司董事會決議召開股東常會,2020-06-10,2020-04-12,2020-04-01
2303,2023-03-24,True,1,2023-02-22,160012,2023-02-23,19.0,公告本公司董事會決議召開112年股東常會,2023-05-31,2023-04-02,2023-03-24
2312,2025-03-26,True,1,2025-03-12,172436,2025-03-13,9.0,本公司董事會決議召開114年股東常會,2025-06-03,2025-04-05,2025-03-26
2313,2018-04-03,True,1,2018-03-08,150759,2018-03-09,17.0,董事會決議召開107年股東常會公告,2018-06-14,2018-04-16,2018-04-03
2313,2020-04-10,True,1,2020-03-12,152733,2020-03-13,18.0,董事會決議召開109年股東常會公告,2020-06-18,2020-04-20,2020-04-10
2313,2023-04-07,True,2,2023-03-09,151631,2023-03-10,17.0,董事會決議召開112年股東常會公告,2023-06-15,2023-04-17,2023-04-07
2314,2018-04-13,True,1,2018-03-22,153955,2018-03-23,12.0,公告本公司董事會決議召開民國一O七年股東常會,2018-06-21,2018-04-23,2018-04-13
2314,2019-04-12,True,1,2019-03-19,165653,2019-03-20,15.0,公告本公司董事會決議召開民國一O八年股東常會,2019-06-19,2019-04-21,2019-04-12
2323,2019-03-27,True,1,2019-03-15,181024,2019-03-18,7.0,本公司召開108年股東常會之公告,2019-06-05,2019-04-07,2019-03-27
2327,2018-03-28,True,1,2018-02-22,193523,2018-02-23,22.0,公告本公司董事會決議107年股東常會相關事宜,2018-06-05,2018-04-07,2018-03-27
2327,2019-03-27,True,1,2019-03-14,192305,2019-03-15,8.0,公告本公司董事會決議108年股東常會相關事宜,2019-06-05,2019-04-07,2019-03-27
2327,2020-03-26,True,2,2020-02-26,180115,2020-02-27,19.0,公告本公司董事會決議109年股東常會相關事宜,2020-06-05,2020-04-07,2020-03-26
2327,2021-03-25,True,1,2021-03-11,173252,2021-03-12,9.0,公告本公司董事會決議110年股東常會事由,2021-06-03,2021-04-05,2021-03-25
2327,2023-03-28,True,1,2023-03-14,173739,2023-03-15,9.0,公告本公司董事會決議民國112年股東常會事由,2023-06-06,2023-04-08,2023-03-28
2328,2018-03-29,True,1,2018-03-19,180539,2018-03-20,7.0,董事會決議召開107年股東常會公告,2018-06-08,2018-04-10,2018-03-28
2331,2023-03-24,True,1,2023-02-22,214837,2023-02-23,19.0,本公司董事會決議召開112年股東常會。,2023-05-30,2023-04-01,2023-03-24
2332,2021-04-12,True,2,2021-03-17,175543,2021-03-18,15.0,本公司董事會決議召開民國110年股東常會,2021-06-18,2021-04-20,2021-04-12
2337,2018-04-03,True,1,2018-03-16,182730,2018-03-19,11.0,本公司董事會決議召集一○七年股東常會,2018-06-14,2018-04-16,2018-04-03
2337,2019-04-12,True,4,2019-03-12,234414,2019-03-13,20.0,董事會通過召集一○八年股東常會,2019-06-18,2019-04-20,2019-04-12
2337,2020-03-20,True,4,2020-03-06,161555,2020-03-09,9.0,本公司第11屆第5次董事會通過召集一○九年股東常會,2020-05-27,2020-03-29,2020-03-20
2337,2023-03-17,True,4,2023-03-03,175857,2023-03-06,9.0,本公司第12屆第5次董事會通過召集112年股東常會,2023-05-24,2023-03-26,2023-03-17
2338,2018-04-03,True,1,2018-03-23,153231,2018-03-26,6.0,公告本公司董事會決議召開107年股東會相關事宜,2018-06-13,2018-04-15,2018-04-03
2338,2022-03-18,True,1,2022-03-04,173747,2022-03-07,9.0,公告本公司董事會決議召開111年股東常會相關事宜,2022-05-26,2022-03-28,2022-03-18
2338,2023-03-17,True,1,2023-03-03,153625,2023-03-06,9.0,公告本公司董事會決議召開112年股東常會相關事宜,2023-05-24,2023-03-26,2023-03-17
2338,2026-04-10,True,2,2026-03-26,154612,2026-03-27,8.0,公告本公司董事會決議召開115年股東常會相關事宜,2026-06-18,2026-04-20,2026-04-10
2340,2023-04-14,True,1,2023-02-22,171434,2023-02-23,31.0,公告董事會決議112年股東常會相關事宜,2023-06-20,2023-04-22,2023-04-14
2340,2024-03-22,True,1,2024-02-27,162655,2024-02-29,16.0,公告董事會決議113年股東常會相關事宜,2024-05-28,2024-03-30,2024-03-22
2342,2019-04-03,True,1,2019-03-21,162716,2019-03-22,8.0,公告本公司董事會決議召集108年股東常會,2019-06-13,2019-04-15,2019-04-03
2342,2022-03-11,True,1,2022-03-02,171715,2022-03-03,6.0,公告本公司董事會決議召集111年股東常會相關事宜,2022-05-18,2022-03-20,2022-03-11
2344,2019-04-08,True,1,2019-03-25,162808,2019-03-26,7.0,本公司董事會決議股東會召開日期、召集事由及停止過戶期間等,2019-06-14,2019-04-16,2019-04-08
2345,2018-04-03,True,1,2018-03-21,142321,2018-03-22,8.0,本公司董事會召集107年股東常會公告,2018-06-13,2018-04-15,2018-04-03
2345,2019-04-03,True,1,2019-03-21,163218,2019-03-22,8.0,本公司董事會召集108年股東常會公告,2019-06-13,2019-04-15,2019-04-03
2345,2020-04-10,True,1,2020-03-19,153547,2020-03-20,13.0,本公司董事會召集109年股東常會公告,2020-06-18,2020-04-20,2020-04-10
2348,2025-04-10,True,1,2025-03-14,173133,2025-03-17,16.0,本公司董事會決議召開一一四年股東常會之相關資訊,2025-06-16,2025-04-18,2025-04-10
2351,2018-04-16,True,1,2018-03-02,115227,2018-03-02,28.0,公告召開本公司107年度股東常會相關事宜。,2018-06-22,2018-04-24,2018-04-16
2351,2019-04-15,True,1,2019-03-08,124823,2019-03-08,24.0,公告召開本公司108年度股東常會相關事宜。,2019-06-21,2019-04-23,2019-04-15
2352,2019-04-15,True,1,2019-03-21,192944,2019-03-22,14.0,公告本公司民國108年股東常會召開日期及召集事由,2019-06-21,2019-04-23,2019-04-15
2352,2024-03-22,True,2,2024-03-05,195134,2024-03-06,12.0,公告本公司民國113年股東常會召開日期及召集事由,2024-05-29,2024-03-31,2024-03-22
2353,2019-04-08,True,1,2019-03-20,180224,2019-03-21,10.0,董事會決議召開民國108年股東常會,2019-06-14,2019-04-16,2019-04-08
2353,2022-03-31,True,1,2022-03-16,170039,2022-03-17,10.0,本公司董事會決議召開民國111年股東常會,2022-06-10,2022-04-12,2022-03-31
2355,2018-04-23,True,1,2018-03-28,155550,2018-03-29,14.0,董事會決議召開107年股東常會公告,2018-06-29,2018-05-01,2018-04-23
2355,2019-04-19,True,1,2019-03-20,165849,2019-03-21,19.0,董事會決議召開108年股東常會公告,2019-06-27,2019-04-29,2019-04-19
2357,2023-03-29,True,1,2023-03-10,180326,2023-03-13,12.0,本公司董事會決議召開112年股東常會相關事宜公告,2023-06-09,2023-04-11,2023-03-29
2358,2023-04-10,False,0,,,,,,,,
2358,2024-04-18,False,0,,,,,,,,
2359,2025-04-02,True,1,2025-03-11,184824,2025-03-12,15.0,董事會決議召開114年股東常會,2025-06-10,2025-04-12,2025-04-02
2359,2026-04-01,True,1,2026-03-13,191409,2026-03-16,12.0,董事會決議召開115年股東常會,2026-06-09,2026-04-11,2026-04-01
2360,2018-03-29,True,1,2018-02-22,154525,2018-02-23,23.0,公告本公司董事會決議召開股東常會,2018-06-08,2018-04-10,2018-03-28
2363,2022-04-15,True,1,2022-03-10,172632,2022-03-11,23.0,公告本公司董事會決議召開股東常會,2022-06-21,2022-04-23,2022-04-15
2363,2024-03-21,True,1,2024-02-26,164442,2024-02-27,16.0,公告本公司董事會決議召開113年股東常會,2024-05-27,2024-03-29,2024-03-21
2364,2023-04-07,True,1,2023-03-16,181424,2023-03-17,12.0,公告本公司董事會決議召開112年股東常會相關事宜,2023-06-13,2023-04-15,2023-04-07
2367,2018-04-03,True,1,2018-03-26,163907,2018-03-27,5.0,公告本公司董事會決議召開107年股東常會相關事宜。,2018-06-12,2018-04-14,2018-04-03
2367,2019-04-03,True,1,2019-03-05,150222,2019-03-06,20.0,公告本公司董事會決議召開108年股東常會相關事宜。,2019-06-12,2019-04-14,2019-04-03
2367,2020-04-01,True,1,2020-03-23,181919,2020-03-24,6.0,公告本公司董事會決議召開109年股東常會相關事宜。,2020-06-09,2020-04-11,2020-04-01
2367,2021-04-16,True,1,2021-03-30,173121,2021-03-31,10.0,公告本公司董事會決議召開110年股東常會相關事宜。,2021-06-23,2021-04-25,2021-04-16
2367,2022-04-15,True,1,2022-03-30,174053,2022-03-31,9.0,公告本公司董事會決議召開111年股東常會相關事宜。,2022-06-21,2022-04-23,2022-04-15
2368,2019-04-08,True,1,2019-03-25,142513,2019-03-26,7.0,本公司董事會決議召開股東會召集事由,2019-06-14,2019-04-16,2019-04-08
2368,2020-04-01,False,1,,,,,,,,
2368,2021-03-31,True,1,2021-03-22,171058,2021-03-23,6.0,本公司董事會決議召開股東會召集事由,2021-06-10,2021-04-12,2021-03-31
2368,2023-04-07,True,1,2023-03-09,165420,2023-03-10,17.0,本公司董事會決議召開股東會召集事由,2023-06-14,2023-04-16,2023-04-07
2368,2024-03-22,True,1,2024-03-12,162614,2024-03-13,7.0,本公司董事會決議召開股東會召集事由,2024-05-30,2024-04-01,2024-03-22
2369,2022-03-31,True,1,2022-03-17,171358,2022-03-18,9.0,公告本公司董事會決議召開111年股東常會事宜,2022-06-10,2022-04-12,2022-03-31
2371,2018-04-20,True,1,2018-03-15,184818,2018-03-16,22.0,董事會決議召開一○七年度股東常會公告,2018-06-27,2018-04-29,2018-04-20
2371,2019-04-11,True,1,2019-03-27,211146,2019-03-28,8.0,公告本公司董事會決議召開108年股東常會相關事宜,2019-06-17,2019-04-19,2019-04-11
2371,2020-04-23,True,1,2020-04-09,204310,2020-04-10,9.0,董事會決議召開一○九年度股東常會公告,2020-06-30,2020-05-02,2020-04-23
2375,2019-03-27,True,3,2019-03-13,213231,2019-03-14,9.0,本公司董事會決議召開一○八年股東常會日期、地點及事由案,2019-06-05,2019-04-07,2019-03-27
2375,2022-03-30,True,1,2022-03-15,182052,2022-03-16,10.0,本公司董事會決議召開一一一年股東常會日期、地點及事由案,2022-06-08,2022-04-10,2022-03-30
2376,2019-04-03,True,2,2019-03-15,181550,2019-03-18,12.0,本公司董事會決議召開民國107年股東常會,2019-06-12,2019-04-14,2019-04-03
2376,2023-03-29,True,1,2023-03-13,181337,2023-03-14,11.0,本公司董事會決議召開民國112年股東常會,2023-06-09,2023-04-11,2023-03-29
2376,2025-04-02,True,1,2025-03-14,173901,2025-03-17,12.0,本公司董事會決議召開民國114年股東常會,2025-06-10,2025-04-12,2025-04-02
2377,2019-04-08,True,1,2019-03-21,132339,2019-03-21,10.0,本公司董事會決議召開一○八年股東常會,2019-06-14,2019-04-16,2019-04-08
2377,2023-04-07,True,1,2023-03-14,170245,2023-03-15,14.0,本公司董事會決議召開一一二年股東常會,2023-06-15,2023-04-17,2023-04-07
2379,2019-04-03,True,1,2019-03-21,180201,2019-03-22,8.0,董事會決議召開108年股東常會,2019-06-12,2019-04-14,2019-04-03
2379,2020-04-01,True,1,2020-03-20,180502,2020-03-23,7.0,董事會決議召開109年股東常會,2020-06-10,2020-04-12,2020-04-01
2383,2018-04-03,True,1,2018-03-20,162159,2018-03-21,9.0,公告本公司107年股東常會召開日期、地點、股票停止過戶期間及主要內容,2018-06-14,2018-04-16,2018-04-03
2383,2019-04-02,True,1,2019-03-22,163419,2019-03-25,6.0,公告本公司108年股東常會召開日期、地點、股票停止過戶期間及主要內容,2019-06-10,2019-04-12,2019-04-02
2387,2020-04-06,True,1,2020-03-20,135741,2020-03-23,8.0,董事會決議召開109年股東常會公告,2020-06-12,2020-04-14,2020-04-06
2388,2023-04-10,True,1,2023-03-09,160702,2023-03-10,18.0,公告董事會決議召開112年股東常會日期及相關事宜,2023-06-16,2023-04-18,2023-04-10
2388,2024-04-12,True,1,2024-03-06,161012,2024-03-07,24.0,公告董事會決議召開113年股東常會日期及相關事宜,2024-06-20,2024-04-22,2024-04-12
2388,2025-04-14,True,1,2025-03-11,165806,2025-03-12,21.0,公告董事會決議召開114年股東常會日期及相關事宜,2025-06-20,2025-04-22,2025-04-14
2390,2019-04-12,True,1,2019-03-27,185113,2019-03-28,9.0,公告本公司董事會決議召開108年股東常會事宜,2019-06-20,2019-04-22,2019-04-12
2390,2022-04-15,True,1,2022-03-23,165609,2022-03-24,14.0,公告本公司董事會決議召開111年股東常會事宜,2022-06-23,2022-04-25,2022-04-15
2392,2019-04-03,True,1,2019-03-15,170649,2019-03-18,12.0,公告董事會決議召開股東常會,2019-06-12,2019-04-14,2019-04-03
2392,2025-03-21,True,1,2025-03-07,220555,2025-03-10,9.0,公告董事會決議召開股東常會,2025-05-29,2025-03-31,2025-03-21
2393,2025-04-02,True,1,2025-03-13,185609,2025-03-14,13.0,本公司董事會決議一一四年股東常會召開事宜。,2025-06-11,2025-04-13,2025-04-02
2399,2018-04-13,True,1,2018-03-27,152248,2018-03-28,9.0,本公司董事會召集107年股東常會,2018-06-21,2018-04-23,2018-04-13
2399,2021-04-16,True,1,2021-03-25,184222,2021-03-26,13.0,本公司董事會召集110年股東常會,2021-06-22,2021-04-24,2021-04-16
2401,2018-04-02,True,1,2018-03-14,184401,2018-03-15,12.0,公告本公司董事會決議召開股東常會議案相關事宜,2018-06-11,2018-04-13,2018-04-02
2405,2018-04-13,True,1,2018-03-28,184437,2018-03-29,8.0,公告董事會決議一Ｏ七年股東常會事宜,2018-06-21,2018-04-23,2018-04-13
2405,2019-04-19,True,1,2019-03-26,183756,2019-03-27,15.0,公告董事會決議一Ｏ八年股東常會事宜,2019-06-27,2019-04-29,2019-04-19
2406,2018-04-13,True,1,2018-03-29,175013,2018-03-30,7.0,公告本公司董事會決議召開一○七年股東常會相關事宜,2018-06-20,2018-04-22,2018-04-13
2408,2018-03-16,True,1,2018-02-26,133853,2018-02-27,12.0,公告本公司董事會決議召開107年股東常會相關事宜,2018-05-24,2018-03-26,2018-03-16
2408,2019-03-22,True,1,2019-02-27,151246,2019-03-04,14.0,公告本公司董事會決議召開108年股東常會相關事宜,2019-05-30,2019-04-01,2019-03-22
2408,2020-03-20,True,1,2020-02-26,150421,2020-02-27,15.0,公告本公司董事會決議召開109年股東常會相關事宜,2020-05-28,2020-03-30,2020-03-20
2408,2021-03-19,True,1,2021-02-26,143429,2021-03-02,13.0,本公司董事會決議召開110年股東常會相關事宜,2021-05-27,2021-03-29,2021-03-19
2408,2022-03-18,True,1,2022-02-24,154149,2022-02-25,14.0,本公司董事會決議召開111年股東常會相關事宜,2022-05-26,2022-03-28,2022-03-18
2408,2023-03-17,True,1,2023-02-22,143740,2023-02-23,14.0,本公司董事會決議召開112年股東常會相關事宜,2023-05-24,2023-03-26,2023-03-17
2408,2025-03-21,True,1,2025-02-26,143807,2025-02-27,15.0,本公司董事會決議召開114年股東常會相關事宜,2025-05-28,2025-03-30,2025-03-21
2409,2022-04-11,True,2,2022-03-28,163903,2022-03-29,7.0,本公司董事會決議召開111年股東常會(召開方式：視訊輔助股東會),2022-06-17,2022-04-19,2022-04-11
2409,2023-03-20,True,1,2023-02-23,172224,2023-02-24,14.0,本公司董事會決議召開112年股東常會(召開方式：視訊輔助股東會),2023-05-26,2023-03-28,2023-03-20
2413,2019-04-12,True,1,2019-03-18,191721,2019-03-19,16.0,公告本公司董事會決議召開一○八年股東常會相關事宜,2019-06-19,2019-04-21,2019-04-12
2417,2021-04-09,True,1,2021-03-25,192112,2021-03-26,8.0,董事會決議召開110年股東常會相關事宜公告,2021-06-16,2021-04-18,2021-04-09
2417,2022-04-08,True,1,2022-03-24,194407,2022-03-25,8.0,董事會決議召開111年股東常會相關事宜公告,2022-06-16,2022-04-18,2022-04-08
2419,2018-04-03,True,1,2018-03-22,144826,2018-03-23,7.0,公告董事會決議召開107年股東常會日期及相關事宜,2018-06-14,2018-04-16,2018-04-03
2419,2019-04-03,True,1,2019-03-22,152732,2019-03-25,7.0,公告董事會決議召開108年股東常會日期及相關事宜,2019-06-13,2019-04-15,2019-04-03
2425,2018-04-09,True,1,2018-03-23,154150,2018-03-26,7.0,公告本公司董事會召開107年股東常會相關事宜,2018-06-15,2018-04-17,2018-04-09
2425,2021-04-09,True,1,2021-03-23,183732,2021-03-24,10.0,公告本公司董事會決議召開110年度股東常會相關事宜,2021-06-16,2021-04-18,2021-04-09
2426,2019-04-18,True,1,2019-03-29,184947,2019-04-01,11.0,本公司董事會決議股東會召開日期、召集事由及停止變更股東名簿記載之日期,2019-06-24,2019-04-26,2019-04-18
2427,2025-04-01,True,1,2025-03-10,162201,2025-03-11,15.0,公告本公司董事會決議召開114年股東常會事宜,2025-06-09,2025-04-11,2025-04-01
2427,2026-04-01,True,1,2026-03-09,162643,2026-03-10,16.0,公告本公司董事會決議召開115年股東常會事宜,2026-06-09,2026-04-11,2026-04-01
2428,2019-04-15,True,1,2019-03-25,162325,2019-03-26,12.0,本公司董事會決議召開108年股東常會公告,2019-06-21,2019-04-23,2019-04-15
2436,2018-04-03,True,1,2018-03-14,165202,2018-03-15,13.0,公告召開本公司107年股東常會。,2018-06-12,2018-04-14,2018-04-03
2436,2019-03-27,True,1,2019-03-15,155213,2019-03-18,7.0,公告召開本公司108年股東常會。,2019-06-05,2019-04-07,2019-03-27
2436,2023-03-24,True,1,2023-02-24,162319,2023-03-01,17.0,公告召開本公司112年股東常會。,2023-06-02,2023-04-04,2023-03-24
2436,2024-03-22,True,1,2024-02-26,160152,2024-02-27,17.0,公告召開本公司113年股東常會。,2024-05-29,2024-03-31,2024-03-22
2439,2018-04-03,True,1,2018-02-26,215649,2018-02-27,24.0,公告本公司董事會決議召開股東會事宜,2018-06-13,2018-04-15,2018-04-03
2439,2019-04-12,True,1,2019-02-26,211524,2019-02-27,28.0,公告本公司董事會決議召開股東會事宜,2019-06-19,2019-04-21,2019-04-12
2439,2020-04-13,True,1,2020-02-27,210501,2020-03-02,28.0,公告本公司董事會決議召開股東會事宜,2020-06-19,2020-04-21,2020-04-13
2439,2021-04-09,True,1,2021-02-25,184830,2021-02-26,27.0,公告本公司董事會決議召開股東會事宜,2021-06-15,2021-04-17,2021-04-09
2439,2022-04-08,True,1,2022-02-24,210527,2022-02-25,27.0,公告本公司董事會決議召開股東會事宜,2022-06-15,2022-04-17,2022-04-08
2439,2023-04-07,True,1,2023-02-23,193729,2023-02-24,25.0,公告本公司董事會決議召開股東會事宜,2023-06-14,2023-04-16,2023-04-07
2442,2019-03-22,True,1,2019-03-13,213733,2019-03-14,6.0,公告董事會決議召開一0八年股東常會,2019-05-29,2019-03-31,2019-03-22
2442,2025-03-14,True,1,2025-03-03,194207,2025-03-04,8.0,董事會決議召開114年股東常會公告,2025-05-22,2025-03-24,2025-03-14
2444,2018-03-15,True,3,2018-03-05,224244,2018-03-06,7.0,董事會決議變更107年度股東常會事宜,2018-05-21,2018-03-23,2018-03-15
2448,2018-04-13,False,0,,,,,,,,
2448,2019-04-12,False,0,,,,,,,,
2448,2020-03-20,False,0,,,,,,,,
2449,2018-03-29,True,1,2018-03-16,151145,2018-03-19,8.0,公告本公司董事會決議召開股東常會,2018-06-08,2018-04-10,2018-03-28
2449,2020-04-01,True,1,2020-03-13,143529,2020-03-16,12.0,公告本公司董事會決議召開股東常會,2020-06-10,2020-04-12,2020-04-01
2451,2021-04-09,True,1,2021-03-04,175921,2021-03-05,23.0,公告本公司董事會決議召開股東常會(採行電子投票),2021-06-17,2021-04-19,2021-04-09
2453,2023-04-07,True,1,2023-03-17,142442,2023-03-20,11.0,公告本公司董事會決議召開112年股東常會,2023-06-13,2023-04-15,2023-04-07
2453,2024-04-03,True,1,2024-03-12,151009,2024-03-13,15.0,公告本公司董事會決議召開113年股東常會,2024-06-12,2024-04-14,2024-04-03
2454,2018-04-09,True,1,2018-03-23,204159,2018-03-26,7.0,公告本公司董事會決議召開股東常會,2018-06-15,2018-04-17,2018-04-09
2454,2019-04-08,True,1,2019-03-22,174224,2019-03-25,8.0,公告本公司董事會決議召開股東常會,2019-06-14,2019-04-16,2019-04-08
2454,2023-03-24,True,1,2023-02-24,170131,2023-03-01,17.0,公告本公司董事會決議召開民國112年股東常會,2023-05-31,2023-04-02,2023-03-24
2455,2018-04-09,True,1,2018-03-15,164424,2018-03-16,13.0,公告本公司董事會決議召集107年股東常會事宜,2018-06-15,2018-04-17,2018-04-09
2455,2019-04-03,True,1,2019-03-07,173011,2019-03-08,18.0,公告本公司董事會決議召集108年股東常會事宜,2019-06-12,2019-04-14,2019-04-03
2455,2020-04-06,True,1,2020-03-19,181403,2020-03-20,9.0,公告本公司董事會決議召集109年股東常會事宜,2020-06-12,2020-04-14,2020-04-06
2455,2023-03-28,True,1,2023-03-16,191711,2023-03-17,7.0,公告本公司董事會決議召集112年股東常會事宜,2023-06-07,2023-04-09,2023-03-28
2456,2018-03-28,False,0,,,,,,,,
2456,2019-03-27,False,0,,,,,,,,
2456,2020-03-26,False,0,,,,,,,,
2457,2022-03-30,True,1,2022-03-10,171043,2022-03-11,13.0,本公司董事會決議召集111年股東常會,2022-06-08,2022-04-10,2022-03-30
2457,2024-04-03,True,1,2024-03-07,165106,2024-03-08,18.0,公告本公司董事會決議召集113年股東常會(實體股東會),2024-06-12,2024-04-14,2024-04-03
2458,2019-04-02,True,1,2019-03-12,170306,2019-03-13,14.0,董事會決議召開股東會,2019-06-10,2019-04-12,2019-04-02
2458,2022-04-08,True,3,2022-02-22,142140,2022-02-23,29.0,董事會決議召開股東常會,2022-06-15,2022-04-17,2022-04-08
2458,2023-03-24,True,1,2023-02-22,151024,2023-02-23,19.0,董事會決議召開股東常會,2023-05-31,2023-04-02,2023-03-24
2462,2024-03-21,True,1,2024-03-11,143922,2024-03-12,7.0,公告本公司董事會決議召開113年股東會相關事宜,2024-05-27,2024-03-29,2024-03-21
2464,2019-04-08,True,1,2019-03-25,155916,2019-03-26,7.0,董事會決議召開108年股東常會事宜,2019-06-14,2019-04-16,2019-04-08
2464,2025-03-20,True,1,2025-03-10,171328,2025-03-11,7.0,本公司董事會決議召開114年股東常會,2025-05-26,2025-03-28,2025-03-20
2465,2018-04-03,True,2,2018-03-15,163207,2018-03-16,12.0,更正：公告本公司董事會決議107年股東常會召集事由,2018-06-12,2018-04-14,2018-04-03
2465,2023-03-29,True,2,2023-03-15,200322,2023-03-16,9.0,公告本公司董事會決議112年股東常會召集事由,2023-06-09,2023-04-11,2023-03-29
2466,2025-04-18,True,1,2025-03-28,174555,2025-03-31,12.0,本公司董事會決議召開一一四年股東常會相關事宜,2025-06-26,2025-04-28,2025-04-18
2467,2025-03-21,True,1,2025-02-25,172123,2025-02-26,16.0,公告本公司民國一一四年股東常會召開日期,2025-05-27,2025-03-29,2025-03-21
2468,2023-04-13,True,1,2023-03-24,153814,2023-03-27,10.0,公告本公司董事會決議召開112年股東會相關事宜(召開方式：視訊輔助股東會),2023-06-19,2023-04-21,2023-04-13
2474,2018-04-02,True,2,2018-03-05,204941,2018-03-06,19.0,公告本公司董事會決議107年股東常會召開事宜,2018-06-11,2018-04-13,2018-04-02
2474,2019-04-03,True,3,2019-03-06,171631,2019-03-07,19.0,公告本公司董事會決議108年股東常會召開事宜,2019-06-12,2019-04-14,2019-04-03
2477,2022-04-15,True,1,2022-03-18,151249,2022-03-21,17.0,公告本公司董事會決議召開111年股東常會事宜。,2022-06-23,2022-04-25,2022-04-15
2478,2019-03-27,True,1,2019-03-13,170443,2019-03-14,9.0,董事會決議召開一○八年股東常會,2019-06-05,2019-04-07,2019-03-27
2478,2021-04-01,True,1,2021-03-17,161906,2021-03-18,10.0,董事會決議召開一一○年股東常會,2021-06-11,2021-04-13,2021-04-01
2481,2018-04-03,True,1,2018-03-20,151500,2018-03-21,9.0,本公司董事會決議召開一０七年股東常會相關事宜,2018-06-12,2018-04-14,2018-04-03
2482,2023-03-28,True,1,2023-03-09,180700,2023-03-10,12.0,連宇董事會決議召開112年股東常會公告,2023-06-07,2023-04-09,2023-03-28
2486,2022-03-25,True,1,2022-03-08,165421,2022-03-09,12.0,公告本公司董事會決議召開111年股東常會相關事宜。,2022-06-01,2022-04-03,2022-03-25
2486,2023-03-24,True,1,2023-03-02,152817,2023-03-03,15.0,公告本公司董事會決議召開112年股東常會相關事宜。,2023-05-30,2023-04-01,2023-03-24
2486,2025-03-20,True,1,2025-03-04,144738,2025-03-05,11.0,公告本公司董事會決議召開114年股東常會相關事宜。,2025-05-26,2025-03-28,2025-03-20
2492,2018-04-20,True,1,2018-04-09,161501,2018-04-10,8.0,董事會決議107年股東常會召開相關事宜公告,2018-06-28,2018-04-30,2018-04-20
2492,2019-04-12,True,1,2019-03-25,165206,2019-03-26,11.0,董事會決議召開108年股東常會相關事宜公告,2019-06-19,2019-04-21,2019-04-12
2492,2022-04-08,True,1,2022-03-23,155345,2022-03-24,9.0,董事會決議召開111年股東常會相關事宜公告,2022-06-15,2022-04-17,2022-04-08
2492,2023-04-14,True,1,2023-03-21,143606,2023-03-22,14.0,董事會決議召開112年股東常會相關事宜公告,2023-06-20,2023-04-22,2023-04-14
2497,2021-04-09,True,1,2021-03-17,142259,2021-03-18,14.0,公告本公司董事會決議召開一一○年股東常會日期及相關事宜,2021-06-15,2021-04-17,2021-04-09
2497,2022-04-08,True,2,2022-03-16,142441,2022-03-17,14.0,公告本公司董事會決議召開民國一一一年股東常會日期及相關事宜,2022-06-15,2022-04-17,2022-04-08
2497,2023-04-10,True,1,2023-03-15,141724,2023-03-16,14.0,本公司董事會決議召開民國112年股東常會日期及相關事宜(視訊輔助股東會),2023-06-16,2023-04-18,2023-04-10
2498,2018-04-20,True,1,2018-03-26,063054,2018-03-26,16.0,本公司董事會決議召開民國一○七年股東常會,2018-06-26,2018-04-28,2018-04-20
2498,2019-04-15,True,1,2019-03-01,210133,2019-03-04,28.0,本公司董事會決議召開民國一○八年股東常會,2019-06-21,2019-04-23,2019-04-15
2498,2020-04-13,True,1,2020-03-03,065009,2020-03-03,27.0,本公司董事會決議召開民國109年股東常會,2020-06-19,2020-04-21,2020-04-13
2498,2021-04-12,True,1,2021-03-18,065057,2021-03-18,15.0,公告本公司董事會決議召開民國110年股東常會,2021-06-18,2021-04-20,2021-04-12
2498,2022-04-11,True,1,2022-03-08,065041,2022-03-08,22.0,本公司董事會決議召開民國111年股東常會,2022-06-17,2022-04-19,2022-04-11
2498,2023-04-10,True,1,2023-03-07,150058,2023-03-08,20.0,本公司董事會決議召開民國112年股東常會,2023-06-16,2023-04-18,2023-04-10
2498,2025-04-14,True,1,2025-03-10,063855,2025-03-10,23.0,本公司董事會決議召開民國114年股東常會,2025-06-20,2025-04-22,2025-04-14
2499,2020-04-10,False,0,,,,,,,,
2524,2025-04-18,True,1,2025-03-13,154356,2025-03-14,23.0,公告本公司董事會召開114年股東常會,2025-06-26,2025-04-28,2025-04-18
2540,2024-04-22,True,1,2024-03-15,151435,2024-03-18,23.0,公告本公司董事會決議召開113年股東常會相關事宜,2024-06-28,2024-04-30,2024-04-22
2540,2026-04-23,True,1,2026-03-09,172108,2026-03-10,30.0,公告本公司董事會決議召開115年股東常會相關事宜,2026-06-30,2026-05-02,2026-04-23
2542,2022-04-08,True,1,2022-03-15,160621,2022-03-16,15.0,公告本公司董事會決議召開一一一年股東常會相關事宜。,2022-06-14,2022-04-16,2022-04-08
2542,2023-04-07,True,1,2023-03-14,162756,2023-03-15,14.0,公告本公司董事會決議召開112年股東常會相關事宜。,2023-06-13,2023-04-15,2023-04-07
2543,2025-03-21,True,1,2025-03-10,152800,2025-03-11,8.0,本公司董事會決議召開114年股東常會事宜,2025-05-29,2025-03-31,2025-03-21
2545,2022-03-25,True,1,2022-03-15,185814,2022-03-16,7.0,召開111年股東常會召集事由。,2022-06-01,2022-04-03,2022-03-25
2545,2025-03-17,True,1,2025-03-06,184248,2025-03-07,6.0,召開114年股東常會召集事由。,2025-05-23,2025-03-25,2025-03-17
2603,2023-03-24,True,1,2023-02-13,180817,2023-02-14,26.0,公告本公司董事會決議召開112年股東常會,2023-05-30,2023-04-01,2023-03-24
2603,2024-03-22,True,1,2024-01-31,175540,2024-02-01,28.0,公告本公司董事會決議召開113年股東常會,2024-05-28,2024-03-30,2024-03-22
2605,2023-03-29,True,1,2023-03-09,153447,2023-03-10,13.0,董事會決議召開112年股東常會,2023-06-09,2023-04-11,2023-03-29
2609,2023-03-20,True,1,2023-03-09,161231,2023-03-10,6.0,公告本公司董事會決議召開112年度股東常會相關事宜,2023-05-26,2023-03-28,2023-03-20
2610,2020-04-17,True,1,2020-03-18,171849,2020-03-19,19.0,公告本公司董事會決議召開109年股東常會,2020-06-23,2020-04-25,2020-04-17
2610,2023-03-24,True,2,2023-01-10,164024,2023-01-11,42.0,公告本公司董事會決議召開112年股東常會,2023-05-31,2023-04-02,2023-03-24
2612,2022-03-04,True,1,2022-02-22,160720,2022-02-23,6.0,公告本公司董事會決議111年股東常會召開事宜,2022-05-12,2022-03-14,2022-03-04
2613,2022-03-21,True,1,2022-02-23,153422,2022-02-24,16.0,本公司董事會決議召開111年股東常會,2022-05-27,2022-03-29,2022-03-21
2614,2020-03-13,True,2,2020-02-20,182458,2020-02-21,14.0,公告本公司董事會決議召開108年股東常會,2020-05-21,2020-03-23,2020-03-13
2615,2023-03-24,True,1,2023-01-17,161415,2023-01-30,37.0,本公司董事會決議召開一一二年股東會相關事宜,2023-05-30,2023-04-01,2023-03-24
2615,2024-03-22,True,1,2024-01-18,155339,2024-01-19,37.0,本公司董事會決議召開一一三年股東會相關事宜,2024-05-28,2024-03-30,2024-03-22
2615,2025-03-21,True,1,2025-01-17,170606,2025-01-20,36.0,本公司董事會決議召開一一四年股東會相關事宜,2025-05-29,2025-03-31,2025-03-21
2615,2026-03-20,True,2,2026-01-22,155342,2026-01-23,32.0,本公司董事會決議召開一一五年股東會相關事宜,2026-05-28,2026-03-30,2026-03-20
2618,2020-03-20,True,2,2020-02-07,174938,2020-02-10,28.0,公告召開109年股東常會,2020-05-27,2020-03-29,2020-03-20
2618,2021-04-12,True,1,2021-03-22,171844,2021-03-23,12.0,公告召開110年股東常會,2021-06-18,2021-04-20,2021-04-12
2618,2023-03-17,True,2,2023-02-10,172549,2023-02-13,22.0,公告召開112年股東常會,2023-05-24,2023-03-26,2023-03-17
2633,2019-03-22,True,1,2019-02-20,184525,2019-02-21,19.0,公告本公司召開一Ｏ八年股東常會事宜,2019-05-30,2019-04-01,2019-03-22
2634,2018-04-20,True,1,2018-03-27,171034,2018-03-28,14.0,本公司董事會決議召開107年股東常會,2018-06-26,2018-04-28,2018-04-20
2636,2023-03-23,True,1,2023-03-09,163016,2023-03-10,9.0,本公司董事會決議召開股東常會,2023-05-29,2023-03-31,2023-03-23
2637,2020-03-16,True,1,2020-01-20,162600,2020-01-30,31.0,本公司董事會決議召開股東常會,2020-05-22,2020-03-24,2020-03-16
2637,2022-03-14,True,1,2022-01-14,170257,2022-01-17,32.0,本公司董事會決議召開股東常會,2022-05-20,2022-03-22,2022-03-14
2637,2023-03-06,True,1,2023-01-11,163947,2023-01-12,27.0,本公司董事會決議召開股東常會,2023-05-12,2023-03-14,2023-03-06
2642,2022-03-21,True,1,2022-02-23,134217,2022-02-24,16.0,本公司董事會決議召開股東常會,2022-05-27,2022-03-29,2022-03-21
2642,2023-03-10,True,1,2023-02-23,190353,2023-02-24,8.0,本公司董事會決議召開股東常會,2023-05-18,2023-03-20,2023-03-10
2723,2020-03-26,True,1,2020-03-12,163523,2020-03-13,9.0,本公司董事會決議召開109年股東常會,2020-06-05,2020-04-07,2020-03-26
2727,2018-03-26,True,1,2018-03-09,154611,2018-03-12,10.0,公告本公司董事會決議召開股東常會,2018-05-30,2018-04-01,2018-03-23
2727,2020-03-26,True,1,2020-03-10,174244,2020-03-11,11.0,公告本公司董事會決議召開股東常會,2020-06-05,2020-04-07,2020-03-26
2727,2022-04-22,True,1,2022-03-08,193239,2022-03-09,30.0,公告本公司董事會決議召開股東常會,2022-06-28,2022-04-30,2022-04-22
2731,2021-04-16,True,1,2021-03-29,172048,2021-03-30,11.0,公告本公司董事會決議召開110年股東常會事宜,2021-06-24,2021-04-26,2021-04-16
2748,2024-03-21,True,1,2024-03-07,144429,2024-03-08,9.0,公告本公司召開民國113年股東常會相關事宜(召開方式：視訊輔助股東會),2024-05-27,2024-03-29,2024-03-21
2801,2025-04-07,True,1,2025-03-20,181056,2025-03-21,9.0,公告本公司董事會決議召開114年股東常會相關事宜。,2025-06-13,2025-04-15,2025-04-07
2834,2018-04-23,True,1,2018-03-21,182910,2018-03-22,19.0,公告本公司107年股東常會召開日期及相關事宜。,2018-06-29,2018-05-01,2018-04-23
2867,2022-04-11,True,1,2022-03-10,170825,2022-03-11,19.0,本公司董事會決議召開111年股東常會,2022-06-17,2022-04-19,2022-04-11
2881,2023-03-29,True,5,2023-01-12,190337,2023-01-13,43.0,公告本公司召開112年股東常會相關事宜,2023-06-09,2023-04-11,2023-03-29
2888,2018-03-29,False,0,,,,,,,,
2906,2022-04-08,True,1,2022-03-17,174216,2022-03-18,13.0,公告董事會通過111年股東會召開事宜,2022-06-15,2022-04-17,2022-04-08
2915,2019-04-12,True,1,2019-03-28,163339,2019-03-29,8.0,公告本公司董事會決議召開一０八年股東常會之相關訊息,2019-06-19,2019-04-21,2019-04-12
2929,2020-04-16,True,1,2020-03-30,185540,2020-03-31,10.0,公告本公司召開109年股東常會相關事宜,2020-06-22,2020-04-24,2020-04-16
2929,2021-04-16,True,2,2021-03-26,141043,2021-03-29,12.0,淘帝-KY董事會決議召開110年股東常會公告,2021-06-24,2021-04-26,2021-04-16
3003,2023-03-29,True,1,2023-03-16,154935,2023-03-17,8.0,本公司董事會決議召開112年股東常會相關事宜,2023-06-09,2023-04-11,2023-03-29
3005,2019-03-25,True,1,2019-02-26,154952,2019-02-27,16.0,公告本公司董事會決議召開108年股東常會相關事宜,2019-05-31,2019-04-02,2019-03-25
3006,2018-04-03,True,1,2018-03-22,164508,2018-03-23,7.0,董事會決議召開107年股東常會,2018-06-14,2018-04-16,2018-04-03
3006,2019-04-03,True,1,2019-03-18,162129,2019-03-19,11.0,董事會決議召開108年股東常會,2019-06-13,2019-04-15,2019-04-03
3006,2023-03-24,True,1,2023-02-23,174036,2023-02-24,18.0,董事會決議召開112年股東常會,2023-05-30,2023-04-01,2023-03-24
3008,2019-04-03,True,1,2019-02-25,154301,2019-02-26,24.0,公告本公司董事會決議108年股東常會召開有關事項。,2019-06-12,2019-04-14,2019-04-03
3010,2024-03-22,True,1,2024-01-31,155521,2024-02-01,28.0,董事會決議召開113年股東常會相關事宜,2024-05-28,2024-03-30,2024-03-22
3013,2024-04-08,True,1,2024-03-13,160948,2024-03-14,15.0,本公司董事會決議召開民國113年股東常會,2024-06-14,2024-04-16,2024-04-08
3014,2023-04-10,True,1,2023-02-23,163213,2023-02-24,26.0,公告本公司董事會決議召開一一二年股東常會相關事宜,2023-06-16,2023-04-18,2023-04-10
3016,2019-04-08,True,1,2019-03-04,165049,2019-03-05,22.0,本公司董事會決議召開股東常會,2019-06-14,2019-04-16,2019-04-08
3016,2020-04-06,True,1,2020-03-16,164926,2020-03-17,12.0,本公司董事會決議召開股東常會,2020-06-12,2020-04-14,2020-04-06
3016,2021-04-09,True,1,2021-03-08,202041,2021-03-09,21.0,本公司董事會決議召開股東常會,2021-06-17,2021-04-19,2021-04-09
3016,2023-03-24,True,1,2023-02-24,174444,2023-03-01,17.0,本公司董事會決議召集股東常會,2023-05-31,2023-04-02,2023-03-24
3016,2024-03-22,True,1,2024-02-26,175157,2024-02-27,17.0,本公司董事會決議召集股東常會,2024-05-30,2024-04-01,2024-03-22
3017,2021-04-09,True,1,2021-03-23,152357,2021-03-24,10.0,董事會決議召開110年股東常會相關事宜,2021-06-16,2021-04-18,2021-04-09
3018,2018-03-29,True,1,2018-03-20,174154,2018-03-21,6.0,董事會決議一○七年股東常會召開相關事項,2018-06-08,2018-04-10,2018-03-28
3019,2018-04-02,True,1,2018-03-23,180153,2018-03-26,5.0,公告本公司董事會決議召開107年股東常會,2018-06-11,2018-04-13,2018-04-02
3019,2019-04-02,True,1,2019-03-20,171151,2019-03-21,8.0,公告本公司董事會決議召開108年股東常會,2019-06-10,2019-04-12,2019-04-02
3019,2020-04-01,True,1,2020-03-19,164959,2020-03-20,8.0,公告本公司董事會決議召開109年股東常會,2020-06-10,2020-04-12,2020-04-01
3022,2018-04-13,True,1,2018-03-26,181144,2018-03-27,10.0,公告本公司董事會決議召開107年股東常會相關事宜,2018-06-21,2018-04-23,2018-04-13
3023,2019-03-27,True,1,2019-03-14,141746,2019-03-15,8.0,公告董事會決議召開108年度股東常會相關事宜,2019-06-06,2019-04-08,2019-03-27
3026,2018-03-29,True,1,2018-03-05,160335,2018-03-06,17.0,本公司董事會決議召開107年股東常會,2018-06-08,2018-04-10,2018-03-28
3026,2019-03-27,True,1,2019-03-06,165321,2019-03-07,14.0,本公司董事會決議召開108年股東常會,2019-06-05,2019-04-07,2019-03-27
3032,2025-04-14,True,1,2025-03-13,165137,2025-03-14,19.0,董事會決議114年股東常會召開日期及相關事宜,2025-06-20,2025-04-22,2025-04-14
3032,2026-04-17,True,2,2026-03-12,172837,2026-03-13,23.0,董事會決議115年股東常會召開日期及相關事宜,2026-06-24,2026-04-26,2026-04-17
3033,2025-04-14,True,1,2025-03-06,172241,2025-03-07,24.0,公告本公司董事會決議召開民國114年股東常會召集事由,2025-06-20,2025-04-22,2025-04-14
3034,2023-03-24,True,1,2023-02-24,172956,2023-03-01,17.0,本公司董事會決議召開112年股東常會,2023-05-31,2023-04-02,2023-03-24
3035,2018-04-09,True,1,2018-03-02,180448,2018-03-05,22.0,公告本公司董事會決議召開107年股東常會事宜,2018-06-15,2018-04-17,2018-04-09
3035,2019-04-03,True,1,2019-02-26,183800,2019-02-27,23.0,公告本公司董事會決議召開108年股東常會事宜,2019-06-13,2019-04-15,2019-04-03
3035,2023-03-17,True,1,2023-02-21,155323,2023-02-22,15.0,公告本公司董事會決議召開民國112年股東常會相關事宜,2023-05-24,2023-03-26,2023-03-17
3035,2025-03-17,True,1,2025-02-21,155803,2025-02-24,14.0,公告本公司董事會決議召開民國114年股東常會相關事宜,2025-05-23,2025-03-25,2025-03-17
3035,2026-03-19,True,2,2026-02-10,175929,2026-02-11,18.0,公告本公司董事會決議召開民國115年股東常會相關事宜,2026-05-25,2026-03-27,2026-03-19
3036,2020-01-15,False,3,,,,,,,,
3037,2019-04-15,True,2,2019-03-28,193143,2019-03-29,9.0,本公司董事會決議召開108年股東常會,2019-06-21,2019-04-23,2019-04-15
3040,2025-04-02,True,1,2025-03-07,152608,2025-03-10,17.0,本公司董事會決議召開114年股東常會相關事宜,2025-06-11,2025-04-13,2025-04-02
3041,2018-04-16,True,1,2018-03-28,172736,2018-03-29,9.0,本公司董事會決議召開107年股東常會相關事宜,2018-06-22,2018-04-24,2018-04-16
3041,2022-04-08,True,1,2022-03-24,161655,2022-03-25,8.0,本公司董事會決議召開股東常會,2022-06-14,2022-04-16,2022-04-08
3041,2024-04-12,True,1,2024-03-14,184630,2024-03-15,18.0,本公司董事會決議召開股東常會,2024-06-18,2024-04-20,2024-04-12
3041,2025-04-23,True,1,2025-02-27,164027,2025-03-03,35.0,本公司董事會決議召開股東常會,2025-06-30,2025-05-02,2025-04-23
3042,2023-03-24,True,1,2023-03-06,161947,2023-03-07,13.0,公告本公司董事會決議召開一一二年股東常會,2023-05-30,2023-04-01,2023-03-24
3047,2023-04-07,True,2,2023-03-03,161013,2023-03-06,21.0,公告本公司董事會決議112年股東常會召開日期及相關事宜,2023-06-14,2023-04-16,2023-04-07
3047,2025-04-11,True,2,2025-03-07,163609,2025-03-10,22.0,公告本公司董事會決議114年股東常會召開日期及相關事宜,2025-06-19,2025-04-21,2025-04-11
3055,2025-04-18,True,1,2025-03-12,200512,2025-03-13,24.0,本公司董事會決議召開114年股東常會,2025-06-25,2025-04-27,2025-04-18
3059,2019-04-03,True,1,2019-03-15,192827,2019-03-18,12.0,本公司董事會決議召集民國108年股東常會,2019-06-13,2019-04-15,2019-04-03
3090,2019-04-12,True,1,2019-03-25,174729,2019-03-26,11.0,公告本公司董事會決議通過召開一○八年股東常會相關事宜。,2019-06-20,2019-04-22,2019-04-12
3094,2022-04-22,True,1,2022-04-11,155843,2022-04-12,8.0,聯傑國際召開111年度股東常會等相關事宜,2022-06-29,2022-05-01,2022-04-22
3167,2022-03-17,True,2,2022-01-20,164328,2022-01-21,31.0,董事會決議111年股東會日期,2022-05-23,2022-03-25,2022-03-17
3189,2018-03-23,True,1,2018-01-29,164812,2018-01-30,31.0,本公司董事會決議召開107年股東常會相關事宜公告,2018-05-29,2018-03-31,2018-03-23
3189,2019-03-22,True,1,2019-02-18,194937,2019-02-19,21.0,本公司董事會決議召開108年股東常會相關事宜公告,2019-05-29,2019-03-31,2019-03-22
3189,2020-03-20,True,1,2020-02-10,173756,2020-02-11,27.0,本公司董事會決議召開109年股東常會相關事宜公告,2020-05-28,2020-03-30,2020-03-20
3189,2022-03-21,True,1,2022-02-15,172237,2022-02-16,22.0,本公司董事會決議召開111年股東常會相關事宜公告,2022-05-27,2022-03-29,2022-03-21
3189,2023-03-24,True,1,2023-02-13,174830,2023-02-14,26.0,本公司董事會決議召開112年股東常會相關事宜公告,2023-05-31,2023-04-02,2023-03-24
3257,2022-03-21,True,1,2022-02-18,181157,2022-02-21,19.0,公告本公司董事會決議召開111年股東常會相關事宜,2022-05-27,2022-03-29,2022-03-21
3305,2021-03-31,True,1,2021-03-18,145657,2021-03-19,8.0,本公司董事會決議召開110年股東常會及相關事宜公告,2021-06-10,2021-04-12,2021-03-31
3305,2023-04-07,True,1,2023-03-15,153358,2023-03-16,13.0,本公司董事會決議召開112年股東常會及相關事宜公告,2023-06-13,2023-04-15,2023-04-07
3338,2019-03-27,True,1,2019-03-15,142054,2019-03-18,7.0,公告本公司董事會決議召開108年度股東常會相關事宜,2019-06-06,2019-04-08,2019-03-27
3338,2020-03-26,True,2,2020-03-13,151854,2020-03-16,8.0,公告本公司董事會決議召開109年度股東常會相關事宜,2020-06-05,2020-04-07,2020-03-26
3338,2021-03-19,True,1,2021-02-26,184630,2021-03-02,13.0,公告本公司董事會決議召開110年度股東常會相關事宜,2021-05-25,2021-03-27,2021-03-19
3346,2018-04-20,True,1,2018-03-16,160129,2018-03-19,21.0,公告本公司董事會決議召開107年股東常會相關事宜,2018-06-28,2018-04-30,2018-04-20
3346,2021-04-22,True,1,2021-03-23,181536,2021-03-24,19.0,公告本公司董事會決議召開110年股東常會相關事宜,2021-06-28,2021-04-30,2021-04-22
3346,2023-04-21,True,1,2023-03-23,154837,2023-03-24,17.0,公告本公司董事會決議召開112年股東常會相關事宜,2023-06-28,2023-04-30,2023-04-21
3346,2024-03-15,True,1,2024-03-06,152018,2024-03-07,6.0,公告本公司董事會決議召開113年股東常會相關事宜,2024-05-21,2024-03-23,2024-03-15
3356,2019-03-27,True,1,2019-03-14,160134,2019-03-15,8.0,公告本公司董事會決議召開民國108年股東常會,2019-06-05,2019-04-07,2019-03-27
3356,2023-03-24,True,1,2023-02-24,180028,2023-03-01,17.0,公告本公司董事會決議召開民國112年股東常會,2023-05-30,2023-04-01,2023-03-24
3376,2022-04-08,True,1,2022-03-08,175226,2022-03-09,20.0,公告本公司董事會決議召開111年股東常會相關事宜,2022-06-16,2022-04-18,2022-04-08
3380,2018-04-09,True,1,2018-03-19,153658,2018-03-20,11.0,明泰科技股份有限公司董事會決議召開107年股東常會,2018-06-15,2018-04-17,2018-04-09
3380,2019-04-08,True,1,2019-03-19,163725,2019-03-20,11.0,明泰科技股份有限公司董事會決議召開108年股東常會,2019-06-14,2019-04-16,2019-04-08
3380,2020-04-06,True,1,2020-03-17,165004,2020-03-18,11.0,明泰科技股份有限公司董事會決議召開109年股東常會,2020-06-12,2020-04-14,2020-04-06
3406,2018-04-20,True,1,2018-03-28,174413,2018-03-29,13.0,公告本公司董事會決議召開107年股東常會相關事宜,2018-06-27,2018-04-29,2018-04-20
3406,2019-04-19,True,1,2019-03-28,151808,2019-03-29,13.0,公告本公司董事會決議召開108年股東常會相關事宜,2019-06-26,2019-04-28,2019-04-19
3406,2021-04-16,True,1,2021-03-26,161654,2021-03-29,12.0,公告本公司董事會決議召開110年股東常會相關事宜,2021-06-23,2021-04-25,2021-04-16
3406,2022-04-11,True,1,2022-03-25,163629,2022-03-28,8.0,公告本公司董事會決議召開111年股東常會相關事宜,2022-06-17,2022-04-19,2022-04-11
3406,2023-04-07,True,1,2023-03-23,152200,2023-03-24,7.0,公告本公司董事會決議召開112年股東常會相關事宜,2023-06-15,2023-04-17,2023-04-07
3413,2018-03-23,True,1,2018-02-27,171628,2018-03-01,16.0,本公司董事會決議召開107年股東常會事宜,2018-05-29,2018-03-31,2018-03-23
3413,2019-03-22,True,2,2019-02-27,165714,2019-03-04,14.0,本公司董事會決議召開一百零八年股東常會相關事宜,2019-05-29,2019-03-31,2019-03-22
3413,2021-03-19,True,2,2021-02-26,165129,2021-03-02,13.0,本公司董事會決議召開110年股東常會相關事宜案,2021-05-25,2021-03-27,2021-03-19
3413,2023-03-24,True,1,2023-02-24,151634,2023-03-01,17.0,本公司董事會決議召開112年股東常會相關事宜案,2023-05-30,2023-04-01,2023-03-24
3413,2024-03-21,True,1,2024-02-29,153833,2024-03-01,14.0,本公司董事會決議召開113年股東常會相關事宜案,2024-05-27,2024-03-29,2024-03-21
3416,2023-03-24,True,1,2023-02-21,181442,2023-02-22,20.0,本公司董事會決議召開一一二年股東常會公告,2023-05-30,2023-04-01,2023-03-24
3432,2023-04-21,True,1,2023-03-31,170627,2023-04-06,11.0,公告本公司董事會決議召開112年股東常會,2023-06-30,2023-05-02,2023-04-21
3437,2024-04-19,True,1,2024-03-12,144558,2024-03-13,25.0,公告本公司董事會決議召開113年股東常會事宜,2024-06-27,2024-04-29,2024-04-19
3443,2018-03-09,True,1,2018-02-01,183243,2018-02-02,18.0,本公司董事會決議召開股東常會,2018-05-17,2018-03-19,2018-03-09
3443,2019-03-08,True,1,2019-01-31,174425,2019-02-11,17.0,本公司董事會決議召開股東常會,2019-05-16,2019-03-18,2019-03-08
3443,2020-03-06,True,1,2020-02-06,164019,2020-02-07,19.0,本公司董事會決議召開股東常會,2020-05-14,2020-03-16,2020-03-06
3443,2022-03-11,True,1,2022-01-26,171619,2022-02-07,23.0,本公司董事會決議召開股東常會,2022-05-19,2022-03-21,2022-03-11
3443,2023-03-10,True,1,2023-02-02,173137,2023-02-03,23.0,本公司董事會決議召開股東常會,2023-05-18,2023-03-20,2023-03-10
3450,2018-04-16,True,1,2018-03-29,175010,2018-03-30,8.0,董事會決議召開107年股東常會,2018-06-22,2018-04-24,2018-04-16
3454,2023-03-24,False,0,,,,,,,,
3454,2024-03-25,False,0,,,,,,,,
3504,2018-04-03,True,1,2018-01-26,175310,2018-01-29,39.0,公告本公司董事會決議召開民國一百零七年股東常會,2018-06-14,2018-04-16,2018-04-03
3504,2019-04-03,True,1,2019-01-25,184557,2019-01-28,38.0,公告本公司董事會決議召開民國一○八年股東常會,2019-06-12,2019-04-14,2019-04-03
3504,2020-04-06,True,1,2020-02-14,194916,2020-02-17,32.0,公告本公司董事會決議召開民國一○九年股東常會,2020-06-12,2020-04-14,2020-04-06
3504,2021-03-31,True,1,2021-02-08,180126,2021-02-17,29.0,公告本公司董事會決議召開民國一一○年股東常會,2021-06-08,2021-04-10,2021-03-31
3504,2022-04-11,True,1,2022-02-11,164130,2022-02-14,37.0,公告本公司董事會決議召開民國一一一年股東常會,2022-06-17,2022-04-19,2022-04-11
3504,2023-04-10,True,1,2023-02-10,172623,2023-02-13,35.0,公告本公司董事會決議召開民國一一二年股東常會,2023-06-16,2023-04-18,2023-04-10
3514,2018-04-13,False,0,,,,,,,,
3515,2018-03-27,True,1,2018-03-05,200034,2018-03-06,15.0,本公司董事會決議召開一百零七年股東常會相關事宜公告,2018-06-01,2018-04-03,2018-03-26
3515,2022-03-18,True,1,2022-02-23,182950,2022-02-24,15.0,本公司董事會決議召開一一一年股東常會相關事宜公告,2022-05-25,2022-03-27,2022-03-18
3515,2023-03-17,True,1,2023-03-07,192121,2023-03-08,7.0,本公司董事會決議召開一一二年股東常會相關事宜公告,2023-05-25,2023-03-27,2023-03-17
3518,2020-04-10,True,1,2020-03-24,163554,2020-03-25,10.0,公告本公司董事會決議召開一○九年股東常會相關事宜,2020-06-16,2020-04-18,2020-04-10
3519,2018-04-20,False,0,,,,,,,,
3530,2022-04-15,True,1,2022-03-16,172716,2022-03-17,19.0,本公司董事會決議召開民國111年股東常會,2022-06-23,2022-04-25,2022-04-15
3530,2023-04-10,True,1,2023-03-15,165031,2023-03-16,14.0,本公司董事會決議召開民國112年股東常會,2023-06-16,2023-04-18,2023-04-10
3532,2019-04-03,True,1,2019-03-19,144324,2019-03-20,10.0,公告本公司董事會決議召開股東會相關事宜,2019-06-13,2019-04-15,2019-04-03
3532,2022-04-11,True,1,2022-03-04,154839,2022-03-07,23.0,公告本公司董事會決議召開股東會相關事宜,2022-06-17,2022-04-19,2022-04-11
3533,2018-04-03,True,1,2018-03-20,154854,2018-03-21,9.0,董事會決議召開107年股東常會公告,2018-06-12,2018-04-14,2018-04-03
3535,2019-04-03,True,1,2019-03-22,163124,2019-03-25,7.0,本公司董事會決議召集108年股東會,2019-06-12,2019-04-14,2019-04-03
3535,2023-03-23,True,1,2023-02-24,151847,2023-03-01,16.0,本公司董事會決議召開112年股東常會,2023-05-29,2023-03-31,2023-03-23
3535,2025-03-21,True,1,2025-03-07,152402,2025-03-10,9.0,本公司董事會決議召開114年股東常會,2025-05-29,2025-03-31,2025-03-21
3545,2022-03-30,True,1,2022-02-23,173020,2022-02-24,23.0,本公司董事會決議召開股東常會,2022-06-09,2022-04-11,2022-03-30
3545,2023-03-24,True,1,2023-02-23,151352,2023-02-24,18.0,本公司董事會決議召開股東常會,2023-05-30,2023-04-01,2023-03-24
3576,2018-04-13,True,2,2018-03-20,172243,2018-03-21,14.0,本公司董事會決議召開107年股東常會公告,2018-06-20,2018-04-22,2018-04-13
3583,2021-04-01,False,2,,,,,,,,
3583,2023-04-07,True,1,2023-03-10,175453,2023-03-13,16.0,公告董事會決議於112年6月13日召開股東常會,2023-06-13,2023-04-15,2023-04-07
3588,2023-04-07,True,1,2023-03-16,185020,2023-03-17,12.0,公告本公司董事會決議召開112年股東常會事宜,2023-06-13,2023-04-15,2023-04-07
3592,2023-03-23,True,1,2023-02-23,145257,2023-02-24,17.0,公告本公司董事會決議召開112年股東常會,2023-05-29,2023-03-31,2023-03-23
3596,2019-04-19,True,1,2019-03-19,170852,2019-03-20,20.0,公告董事會決議召開108年股東常會事宜,2019-06-25,2019-04-27,2019-04-19
3605,2025-04-18,True,1,2025-03-14,180355,2025-03-17,22.0,本公司董事會決議召開民國114年股東常會,2025-06-25,2025-04-27,2025-04-18
3645,2018-04-13,True,1,2018-03-14,174040,2018-03-15,18.0,公告本公司董事會決議召開股東會相關事宜,2018-06-21,2018-04-23,2018-04-13
3645,2019-04-15,True,1,2019-03-12,171031,2019-03-13,21.0,公告本公司董事會決議召開股東會相關事宜,2019-06-21,2019-04-23,2019-04-15
3645,2020-04-17,True,1,2020-03-11,165946,2020-03-12,24.0,公告本公司董事會決議召開股東會相關事宜,2020-06-24,2020-04-26,2020-04-17
3645,2021-04-19,True,1,2021-04-07,155814,2021-04-08,7.0,公告本公司董事會決議召開股東會相關事宜,2021-06-25,2021-04-27,2021-04-19
3653,2018-04-16,True,1,2018-03-27,180018,2018-03-28,10.0,本公司董事會決議召開107年股東常會相關事宜,2018-06-22,2018-04-24,2018-04-16
3653,2019-04-03,True,1,2019-03-20,175810,2019-03-21,9.0,本公司董事會決議召開108年股東常會相關事宜,2019-06-12,2019-04-14,2019-04-03
3653,2020-04-06,True,1,2020-03-24,181126,2020-03-25,6.0,本公司董事會決議召開109年股東常會相關事宜,2020-06-12,2020-04-14,2020-04-06
3653,2022-03-30,True,1,2022-03-18,180711,2022-03-21,7.0,本公司董事會決議召開111年股東常會相關事宜,2022-06-08,2022-04-10,2022-03-30
3653,2023-04-10,True,1,2023-03-21,180002,2023-03-22,10.0,本公司董事會決議召開112年股東常會相關事宜,2023-06-16,2023-04-18,2023-04-10
3661,2018-03-26,True,1,2018-03-09,172241,2018-03-12,10.0,公告本公司董事會決議股東會召開日期、召集事由,2018-05-30,2018-04-01,2018-03-23
3661,2020-04-01,True,1,2020-03-06,174949,2020-03-09,17.0,公告本公司董事會決議股東會召開日期、地點及召集事由,2020-06-11,2020-04-13,2020-04-01
3661,2021-04-01,True,1,2021-03-05,184340,2021-03-08,18.0,公告本公司董事會決議股東會召開日期、地點及召集事由,2021-06-11,2021-04-13,2021-04-01
3661,2022-03-31,True,1,2022-03-04,155625,2022-03-07,18.0,公告本公司董事會決議股東會召開日期、地點及召集事由,2022-06-10,2022-04-12,2022-03-31
3661,2023-03-29,True,1,2023-03-15,161029,2023-03-16,9.0,公告本公司董事會決議股東會召開日期、地點及召集事由,2023-06-09,2023-04-11,2023-03-29
3661,2024-03-22,True,1,2024-03-01,160650,2024-03-04,14.0,公告本公司董事會決議股東會召開日期、地點及召集事由,2024-05-30,2024-04-01,2024-03-22
3665,2018-04-13,True,1,2018-03-13,225757,2018-03-14,19.0,公告本公司董事會決議召開107年(2018年)股東常會相關事宜,2018-06-21,2018-04-23,2018-04-13
3665,2019-04-03,True,1,2019-03-15,042554,2019-03-15,13.0,公告本公司董事會決議召開108年(2019年)股東常會相關事宜,2019-06-12,2019-04-14,2019-04-03
3665,2022-04-15,True,1,2022-03-25,174512,2022-03-28,12.0,公告本公司董事會決議召開111年(2022年)股東常會相關事宜,2022-06-23,2022-04-25,2022-04-15
3669,2020-04-01,True,1,2020-03-12,190624,2020-03-13,13.0,公告董事會決議召開109年股東常會相關事宜,2020-06-10,2020-04-12,2020-04-01
3669,2021-03-31,True,1,2021-03-05,172841,2021-03-08,17.0,公告董事會決議召開110年股東常會相關事宜,2021-06-10,2021-04-12,2021-03-31
3673,2019-03-08,True,1,2019-02-20,202315,2019-02-21,9.0,"TPKHoldingCo.,Ltd.董事會決議召開一○八年股東常會公告",2019-05-16,2019-03-18,2019-03-08
3673,2020-04-01,True,1,2020-02-21,172428,2020-02-24,26.0,"TPKHoldingCo.,Ltd.董事會決議召開一○九年股東常會公告",2020-06-10,2020-04-12,2020-04-01
3673,2024-04-12,True,1,2024-03-07,183006,2024-03-08,23.0,"TPKHoldingCo.,Ltd.董事會決議召開113年股東常會公告",2024-06-18,2024-04-20,2024-04-12
3698,2018-03-28,False,0,,,,,,,,
3698,2019-03-27,False,0,,,,,,,,
3698,2020-04-01,False,0,,,,,,,,
3701,2022-04-15,True,1,2022-03-24,142307,2022-03-25,13.0,董事會決議召開民國111年股東常會,2022-06-23,2022-04-25,2022-04-15
3704,2020-04-06,True,1,2020-03-09,175013,2020-03-10,17.0,公告本公司召開民國一○九年度股東常會相關事宜,2020-06-12,2020-04-14,2020-04-06
3708,2021-03-22,True,1,2021-03-10,191309,2021-03-11,7.0,公告本公司董事會決議召開110年股東常會相關事宜,2021-05-28,2021-03-30,2021-03-22
3708,2022-03-25,True,1,2022-03-11,173417,2022-03-14,9.0,公告本公司董事會決議召開111年股東常會相關事宜,2022-05-31,2022-04-02,2022-03-25
3708,2023-03-23,True,1,2023-03-10,165507,2023-03-13,8.0,公告本公司董事會決議召開112年股東常會相關事宜,2023-05-29,2023-03-31,2023-03-23
3714,2023-03-24,True,1,2023-02-23,181946,2023-02-24,18.0,本公司董事會決議召開112年股東常會,2023-05-31,2023-04-02,2023-03-24
3715,2024-03-08,True,1,2024-02-27,183509,2024-02-29,6.0,公告本公司董事會決議召開113年股東常會相關事宜,2024-05-16,2024-03-18,2024-03-08
4119,2021-04-19,True,1,2021-03-24,152902,2021-03-25,15.0,公告本公司110年召開股東常會相關事宜。,2021-06-25,2021-04-27,2021-04-19
4133,2023-03-09,True,1,2023-02-24,172109,2023-03-01,6.0,公告本公司董事會決議召開112年股東常會事宜,2023-05-15,2023-03-17,2023-03-09
4137,2018-03-28,True,1,2018-03-08,200749,2018-03-09,13.0,本公司董事會決議107年股東常會召開事宜,2018-06-05,2018-04-07,2018-03-27
4137,2019-03-27,True,1,2019-03-12,174903,2019-03-13,10.0,本公司董事會決議108年股東常會召開事宜,2019-06-05,2019-04-07,2019-03-27
4137,2020-03-26,True,1,2020-03-12,202618,2020-03-13,9.0,本公司董事會決議109年股東常會召開事宜,2020-06-05,2020-04-07,2020-03-26
4142,2020-04-16,True,1,2020-03-27,173958,2020-03-30,11.0,董事會決議召開109年股東常會相關事宜,2020-06-22,2020-04-24,2020-04-16
4155,2020-03-20,True,1,2020-03-10,185300,2020-03-11,7.0,本公司董事會決議召開109年股東常會事宜,2020-05-28,2020-03-30,2020-03-20
4155,2023-04-06,True,2,2023-03-09,165706,2023-03-10,16.0,本公司董事會決議召開112年股東常會事宜,2023-06-12,2023-04-14,2023-04-06
4164,2025-03-26,True,2,2025-03-12,180119,2025-03-13,9.0,公告本公司董事會決議114年股東常會召開事宜,2025-06-04,2025-04-06,2025-03-26
4190,2019-04-19,True,1,2019-03-19,173051,2019-03-20,20.0,公告本公司董事會決議108年股東常會召集事宜,2019-06-25,2019-04-27,2019-04-19
4190,2020-04-10,True,1,2020-03-26,141205,2020-03-27,8.0,公告本公司董事會決議109年股東常會召集事宜,2020-06-18,2020-04-20,2020-04-10
4190,2023-04-21,True,1,2023-03-23,175644,2023-03-24,17.0,公告本公司董事會決議召開112年股東常會,2023-06-27,2023-04-29,2023-04-21
4306,2021-04-16,True,1,2021-03-04,151433,2021-03-05,28.0,本公司董事會決議召開110年股東常會相關事宜公告,2021-06-23,2021-04-25,2021-04-16
4306,2024-04-15,True,1,2024-03-14,152240,2024-03-15,19.0,本公司董事會決議召開113年股東常會相關事宜公告,2024-06-21,2024-04-23,2024-04-15
4414,2019-03-18,True,1,2019-02-12,190653,2019-02-13,21.0,公告本公司董事會決議召開108年股東常會,2019-05-24,2019-03-26,2019-03-18
4426,2018-04-02,True,1,2018-03-19,191023,2018-03-20,9.0,公告召集本公司107年股東常會相關事宜,2018-06-11,2018-04-13,2018-04-02
4438,2023-04-07,True,1,2023-03-02,175725,2023-03-03,22.0,公告本公司董事會決議召開112年股東常會,2023-06-15,2023-04-17,2023-04-07
4540,2020-04-17,True,1,2020-03-24,160246,2020-03-25,15.0,公告本公司董事會決議召開一○九年股東常會相關事宜,2020-06-24,2020-04-26,2020-04-17
4552,2019-04-03,True,1,2019-03-22,174412,2019-03-25,7.0,本公司董事會決議召開2019年股東常會相關事宜,2019-06-13,2019-04-15,2019-04-03
4555,2021-04-16,True,1,2021-03-17,171108,2021-03-18,19.0,本公司董事會決議召開110年股東常會事宜,2021-06-23,2021-04-25,2021-04-16
4560,2018-04-03,True,1,2018-03-12,143923,2018-03-13,15.0,本公司董事會決議召開西元2018年股東常會相關事宜,2018-06-12,2018-04-14,2018-04-03
4562,2025-03-21,True,2,2025-03-11,134434,2025-03-12,7.0,公告本公司董事會決議召開114年股東常會相關事宜,2025-05-28,2025-03-30,2025-03-21
4566,2021-04-22,True,1,2021-03-25,180947,2021-03-26,17.0,公告本公司董事會決議召開110年股東常會相關事宜,2021-06-29,2021-05-01,2021-04-22
4566,2023-04-21,True,1,2023-03-23,175832,2023-03-24,17.0,公告本公司董事會決議召開112年股東常會相關事宜,2023-06-30,2023-05-02,2023-04-21
4583,2026-03-23,True,1,2026-02-26,170357,2026-03-02,15.0,公告本公司董事會決議召開115年股東常會相關事宜,2026-05-29,2026-03-31,2026-03-23
4722,2026-03-19,True,1,2026-03-09,170920,2026-03-10,7.0,公告本公司董事會決議召開股東會相關事宜,2026-05-25,2026-03-27,2026-03-19
4725,2018-04-13,False,0,,,,,,,,
4725,2019-04-02,False,0,,,,,,,,
4739,2018-03-27,True,1,2018-03-13,170251,2018-03-14,9.0,公告本公司董事會決議107年股東常會召開日期等相關事宜,2018-06-01,2018-04-03,2018-03-26
4739,2019-04-12,True,1,2019-03-15,164640,2019-03-18,17.0,公告本公司董事會決議108年股東常會召開日期等相關事宜,2019-06-20,2019-04-22,2019-04-12
4739,2022-03-21,True,1,2022-02-25,163051,2022-03-01,14.0,公告本公司董事會決議111年股東常會召開日期等相關事宜,2022-05-27,2022-03-29,2022-03-21
4739,2023-04-21,True,1,2023-03-01,165140,2023-03-02,33.0,本公司董事會決議112年股東常會召開日期等相關事宜,2023-06-30,2023-05-02,2023-04-21
4746,2024-04-19,True,1,2024-03-12,155505,2024-03-13,25.0,本公司董事會決議召開113年股東常會,2024-06-25,2024-04-27,2024-04-19
4755,2023-04-10,True,1,2023-02-24,145044,2023-03-01,25.0,公告本公司董事會決議召開112年股東常會事宜。,2023-06-16,2023-04-18,2023-04-10
4763,2018-04-16,True,1,2018-03-28,141641,2018-03-29,9.0,公告董事會決議2018年股東常會召集相關事項,2018-06-22,2018-04-24,2018-04-16
4763,2021-02-02,False,3,,,,,,,,
4763,2022-03-21,True,1,2022-03-09,171747,2022-03-10,7.0,公告本公司董事會決議召開111年股東常會相關事宜,2022-05-27,2022-03-29,2022-03-21
4906,2018-04-09,True,1,2018-03-19,192728,2018-03-20,11.0,本公司董事會通過107年股東會召開事宜,2018-06-15,2018-04-17,2018-04-09
4906,2020-04-01,True,1,2020-03-10,185445,2020-03-11,15.0,本公司董事會通過109年股東會召開事宜,2020-06-09,2020-04-11,2020-04-01
4906,2021-04-12,True,1,2021-03-25,182716,2021-03-26,9.0,本公司董事會通過110年股東會召開事宜,2021-06-18,2021-04-20,2021-04-12
4906,2022-03-30,True,1,2022-03-17,195619,2022-03-18,8.0,本公司董事會通過111年股東會召開事宜,2022-06-09,2022-04-11,2022-03-30
4906,2024-03-22,True,1,2024-03-13,210600,2024-03-14,6.0,本公司董事會通過113年股東常會召開事宜,2024-05-29,2024-03-31,2024-03-22
4916,2023-03-24,True,1,2023-03-09,160150,2023-03-10,10.0,公告本公司董事會決議召開112年股東常會事宜,2023-05-30,2023-04-01,2023-03-24
4916,2025-03-21,True,1,2025-03-11,155949,2025-03-12,7.0,公告本公司董事會決議召開114年股東常會事宜,2025-05-27,2025-03-29,2025-03-21
4919,2021-04-01,True,2,2021-03-16,155128,2021-03-17,11.0,董事會決議召開110年股東常會相關事宜公告,2021-06-11,2021-04-13,2021-04-01
4919,2023-03-20,True,1,2023-03-07,160031,2023-03-08,8.0,董事會決議召開112年股東常會相關事宜公告,2023-05-26,2023-03-28,2023-03-20
4919,2025-03-20,True,1,2025-03-07,162959,2025-03-10,8.0,董事會決議召開114年股東常會相關事宜公告,2025-05-26,2025-03-28,2025-03-20
4927,2019-03-27,True,1,2019-03-05,152736,2019-03-06,15.0,公告本公司董事會決議股東會召開日期、召集事由及停止過戶期間,2019-06-05,2019-04-07,2019-03-27
4927,2020-03-26,True,1,2020-03-10,161452,2020-03-11,11.0,公告本公司董事會決議股東會召開日期、召集事由停止過戶期間暨轉換公司債之停止轉換期間,2020-06-05,2020-04-07,2020-03-26
4927,2021-03-25,False,1,,,,,,,,
4927,2023-03-24,False,0,,,,,,,,
4935,2020-04-10,True,1,2020-03-17,175257,2020-03-18,15.0,公告本公司董事會決議召開109年股東常會,2020-06-18,2020-04-20,2020-04-10
4943,2019-04-11,True,1,2019-03-22,192617,2019-03-25,11.0,公告本公司董事會決議召開108年股東常會相關事宜,2019-06-17,2019-04-19,2019-04-11
4943,2021-04-19,True,1,2021-03-25,193133,2021-03-26,14.0,公告本公司董事會決議召開110年股東常會相關事宜,2021-06-25,2021-04-27,2021-04-19
4952,2023-03-17,True,1,2023-02-20,170146,2023-02-21,16.0,公告本公司董事會決議召開112年股東常會日期及相關事宜,2023-05-24,2023-03-26,2023-03-17
4956,2024-04-12,True,2,2024-02-23,171028,2024-02-26,31.0,公告本公司董事會決議召開113年股東常會,2024-06-20,2024-04-22,2024-04-12
4960,2025-03-21,True,1,2025-01-23,152332,2025-02-03,33.0,董事會決議召開114年股東常會相關事宜,2025-05-27,2025-03-29,2025-03-21
4961,2021-03-12,True,1,2021-02-25,180319,2021-02-26,9.0,公告本公司董事會決議召開110年股東常會,2021-05-18,2021-03-20,2021-03-12
4961,2022-04-15,True,1,2022-03-17,205956,2022-03-18,18.0,公告本公司董事會決議召開111年股東常會,2022-06-22,2022-04-24,2022-04-15
4961,2023-03-24,True,1,2023-02-23,184538,2023-02-24,18.0,公告本公司董事會決議召開112年股東常會,2023-05-31,2023-04-02,2023-03-24
4967,2021-04-22,True,1,2021-03-29,182319,2021-03-30,15.0,公告本公司董事會決議110年股東常會召集相關事宜。,2021-06-29,2021-05-01,2021-04-22
4967,2022-04-22,True,1,2022-03-25,174115,2022-03-28,17.0,公告本公司董事會決議111年股東常會召集相關事宜。,2022-06-30,2022-05-02,2022-04-22
4967,2023-04-21,True,1,2023-03-22,181128,2023-03-23,18.0,公告本公司董事會決議112年股東常會召集相關事宜。,2023-06-29,2023-05-01,2023-04-21
4967,2025-03-21,True,1,2025-02-27,173120,2025-03-03,14.0,公告本公司董事會決議114年股東常會召集相關事宜。,2025-05-29,2025-03-31,2025-03-21
4968,2018-04-20,True,1,2018-03-01,170355,2018-03-02,32.0,立積董事會決議召開107年股東常會公告,2018-06-28,2018-04-30,2018-04-20
4968,2019-03-18,True,1,2019-02-27,173625,2019-03-04,10.0,立積董事會決議召開108年股東常會公告,2019-05-24,2019-03-26,2019-03-18
4968,2020-03-23,True,1,2020-02-27,162811,2020-03-02,15.0,立積董事會決議召開109年股東常會公告,2020-05-29,2020-03-31,2020-03-23
4968,2021-03-19,True,1,2021-02-25,164508,2021-02-26,14.0,立積董事會決議召開110年股東常會公告,2021-05-27,2021-03-29,2021-03-19
4968,2022-03-18,True,1,2022-02-24,155831,2022-02-25,14.0,立積董事會決議召開民國111年股東常會,2022-05-26,2022-03-28,2022-03-18
4968,2023-03-17,True,1,2023-02-23,153120,2023-02-24,13.0,立積董事會決議召開民國112年股東常會,2023-05-25,2023-03-27,2023-03-17
4968,2025-03-21,True,1,2025-02-27,165520,2025-03-03,14.0,公告本公司董事會決議召開114年股東常會(召開方式：實體股東會),2025-05-29,2025-03-31,2025-03-21
4976,2018-04-13,True,1,2018-03-13,181148,2018-03-14,19.0,公告本公司董事會決議召集民國一○七年股東常會事宜,2018-06-19,2018-04-21,2018-04-13
4976,2019-04-19,True,1,2019-03-22,211949,2019-03-25,17.0,公告本公司董事會決議召集民國一○八年股東常會事宜,2019-06-25,2019-04-27,2019-04-19
4976,2022-04-15,True,1,2022-03-24,200312,2022-03-25,13.0,公告本公司董事會決議召集民國111年股東常會事宜,2022-06-21,2022-04-23,2022-04-15
4976,2023-04-21,True,1,2023-03-23,191511,2023-03-24,17.0,公告本公司董事會決議召集民國112年股東常會事宜,2023-06-27,2023-04-29,2023-04-21
4976,2024-04-19,True,1,2024-03-14,192920,2024-03-15,23.0,公告本公司董事會決議召開民國113年股東常會事宜,2024-06-25,2024-04-27,2024-04-19
4977,2018-03-29,True,1,2018-03-08,170934,2018-03-09,14.0,公告本公司董事會決議召開107年股東常會相關事宜,2018-06-08,2018-04-10,2018-03-28
4989,2023-04-21,False,3,,,,,,,,
5225,2024-03-18,True,1,2024-02-26,143348,2024-02-27,13.0,東科-KY董事會決議召開113年股東常會,2024-05-24,2024-03-26,2024-03-18
5244,2025-03-21,True,1,2025-03-06,164845,2025-03-07,10.0,公告本公司董事會決議召開114年股東常會相關事宜及國內第一次無擔保轉換公司債停止轉換期間,2025-05-28,2025-03-30,2025-03-21
5264,2019-04-03,False,0,,,,,,,,
5264,2020-04-10,False,0,,,,,,,,
5269,2018-04-03,True,1,2018-03-14,151330,2018-03-15,13.0,本公司董事會決議召開107年股東常會相關事宜,2018-06-14,2018-04-16,2018-04-03
5269,2019-04-03,True,1,2019-03-12,163512,2019-03-13,15.0,本公司董事會決議召開108年股東常會相關事宜,2019-06-13,2019-04-15,2019-04-03
5269,2020-04-06,True,1,2020-02-21,164449,2020-02-24,27.0,本公司董事會決議召開109年股東常會相關事宜,2020-06-12,2020-04-14,2020-04-06
5285,2018-04-16,True,1,2018-03-20,174853,2018-03-21,15.0,公告本公司董事會決議召開107年股東常會相關事宜,2018-06-22,2018-04-24,2018-04-16
5305,2018-04-09,False,0,,,,,,,,
5388,2019-04-03,True,2,2019-03-18,170341,2019-03-19,11.0,董事會決議召開民國一○八年股東常會事宜,2019-06-12,2019-04-14,2019-04-03
5521,2018-04-23,True,1,2018-03-14,152342,2018-03-15,24.0,公告本公司董事會決議召開107年股東常會相關事宜,2018-06-29,2018-05-01,2018-04-23
5546,2021-03-25,True,1,2021-03-12,150114,2021-03-15,8.0,公告本公司董事會決議召開110年股東常會議案相關事宜,2021-05-31,2021-04-02,2021-03-25
5607,2022-04-15,True,1,2022-03-25,152020,2022-03-28,12.0,公告本公司董事會決議召開一一一年股東常會相關事宜,2022-06-23,2022-04-25,2022-04-15
5706,2024-03-28,True,1,2024-03-08,151951,2024-03-11,13.0,公告本公司董事會決議召開113年股東常會事宜,2024-06-07,2024-04-09,2024-03-28
5871,2019-03-18,True,1,2019-03-06,171412,2019-03-07,7.0,公告本公司董事會決議召開108年股東常會議案相關事宜,2019-05-24,2019-03-26,2019-03-18
6116,2018-03-29,True,2,2018-03-16,173811,2018-03-19,8.0,公告本公司董事會決議107年股東常會召開事宜,2018-06-08,2018-04-10,2018-03-28
6116,2019-03-27,True,2,2019-03-15,170229,2019-03-18,7.0,公告本公司董事會決議108年股東常會召開事宜,2019-06-05,2019-04-07,2019-03-27
6116,2022-03-18,True,2,2022-02-24,155646,2022-02-25,14.0,公告本公司董事會決議111年股東常會召開事宜,2022-05-26,2022-03-28,2022-03-18
6116,2023-03-17,True,2,2023-02-23,170647,2023-02-24,13.0,公告本公司董事會決議112年股東常會召開事宜,2023-05-25,2023-03-27,2023-03-17
6117,2025-04-11,True,2,2025-03-06,171640,2025-03-07,23.0,公告本公司董事會決議召開股東會事宜及國內轉換公司債停止轉換期間,2025-06-19,2025-04-21,2025-04-11
6133,2023-04-21,True,1,2023-03-29,182544,2023-03-30,13.0,公告本公司召開112年股東常會事宜,2023-06-27,2023-04-29,2023-04-21
6141,2018-04-13,True,1,2018-03-26,172005,2018-03-27,10.0,公告本公司董事會決議召開一○七年股東常會相關事宜,2018-06-20,2018-04-22,2018-04-13
6141,2019-04-12,True,2,2019-03-26,171535,2019-03-27,10.0,公告本公司董事會決議召開一○八年股東常會相關事宜,2019-06-18,2019-04-20,2019-04-12
6153,2018-04-03,True,2,2018-03-22,173352,2018-03-23,7.0,本公司董事會決議召開107年股東常會相關事宜,2018-06-12,2018-04-14,2018-04-03
6153,2019-04-08,True,2,2019-03-19,173752,2019-03-20,11.0,本公司董事會決議召開108年股東常會相關事宜,2019-06-14,2019-04-16,2019-04-08
6153,2020-04-10,True,1,2020-02-25,183339,2020-02-26,29.0,本公司董事會決議召開109年股東常會相關事宜,2020-06-16,2020-04-18,2020-04-10
6155,2021-03-22,True,1,2021-02-19,180118,2021-02-22,19.0,公告本公司董事會決議召開一一○年股東常會日期及相關事宜,2021-05-28,2021-03-30,2021-03-22
6166,2020-04-16,True,1,2020-03-19,182538,2020-03-20,17.0,董事會決議召開109年股東常會相關事宜,2020-06-22,2020-04-24,2020-04-16
6168,2018-04-13,True,1,2018-03-23,172840,2018-03-26,11.0,本公司董事會決議召開107年股東常會相關事宜公告,2018-06-21,2018-04-23,2018-04-13
6176,2019-03-27,True,1,2019-02-27,165138,2019-03-04,17.0,本公司董事會決議召開108年股東常會,2019-06-06,2019-04-08,2019-03-27
6196,2019-03-22,True,2,2019-02-18,172302,2019-02-19,21.0,公告本公司董事會決議召開民國一Ｏ八年度股東常會,2019-05-30,2019-04-01,2019-03-22
6196,2020-03-20,True,1,2020-03-05,153941,2020-03-06,10.0,公告本公司董事會決議召開民國一Ｏ九年度股東常會,2020-05-27,2020-03-29,2020-03-20
6196,2022-03-21,True,1,2022-02-21,160215,2022-02-22,18.0,公告本公司董事會決議召開民國一一一年度股東常會,2022-05-27,2022-03-29,2022-03-21
6197,2025-03-21,True,1,2025-02-25,163610,2025-02-26,16.0,董事會決議召開民國114年股東常會公告,2025-05-27,2025-03-29,2025-03-21
6205,2022-04-08,True,1,2022-03-16,163832,2022-03-17,14.0,公告本公司董事會決議召開111年股東常會召集事由,2022-06-15,2022-04-17,2022-04-08
6209,2018-04-02,True,1,2018-03-23,164024,2018-03-26,5.0,董事會決議召開一０七年股東常會相關事宜,2018-06-11,2018-04-13,2018-04-02
6209,2019-04-12,True,1,2019-03-27,162827,2019-03-28,9.0,董事會決議召開一０八年股東常會相關事宜,2019-06-18,2019-04-20,2019-04-12
6209,2021-04-09,True,1,2021-03-23,170237,2021-03-24,10.0,董事會決議召開一一０年股東常會相關事宜,2021-06-17,2021-04-19,2021-04-09
6213,2022-04-08,True,1,2022-03-16,135129,2022-03-17,14.0,本公司董事會決議111年股東常會召開事宜,2022-06-14,2022-04-16,2022-04-08
6213,2023-03-24,True,1,2023-03-07,174755,2023-03-08,12.0,本公司董事會決議112年股東常會召開事宜,2023-05-30,2023-04-01,2023-03-24
6215,2018-04-13,True,1,2018-03-22,173013,2018-03-23,12.0,公告本公司召開107年股東常會相關事宜,2018-06-20,2018-04-22,2018-04-13
6215,2019-04-02,True,1,2019-03-21,174404,2019-03-22,7.0,公告本公司召開108年股東常會相關事宜,2019-06-10,2019-04-12,2019-04-02
6230,2018-04-13,True,1,2018-03-08,205812,2018-03-09,22.0,公告本公司董事會決議召開107年股東常會相關事宜,2018-06-19,2018-04-21,2018-04-13
6230,2020-04-16,True,1,2020-03-25,192222,2020-03-26,13.0,公告本公司董事會決議召開109年股東常會相關事宜,2020-06-22,2020-04-24,2020-04-16
6235,2024-03-22,True,1,2024-02-29,181052,2024-03-01,15.0,公告本公司董事會決議召開113年股東常會相關事宜,2024-05-28,2024-03-30,2024-03-22
6251,2020-03-20,False,0,,,,,,,,
6257,2018-03-28,True,1,2018-03-08,172148,2018-03-09,13.0,本公司董事會決議召開股東常會,2018-06-07,2018-04-09,2018-03-27
6257,2019-04-03,True,1,2019-03-14,162446,2019-03-15,13.0,本公司董事會決議召開108年股東常會,2019-06-13,2019-04-15,2019-04-03
6257,2020-04-01,True,1,2020-03-10,165539,2020-03-11,15.0,本公司董事會決議召開109年股東常會,2020-06-10,2020-04-12,2020-04-01
6257,2023-03-28,True,2,2023-03-07,170945,2023-03-08,14.0,本公司董事會決議召開112年股東常會,2023-06-07,2023-04-09,2023-03-28
6269,2018-04-03,True,1,2018-02-07,190130,2018-02-08,31.0,本公司董事會決議召開107年股東常會公告,2018-06-14,2018-04-16,2018-04-03
6269,2019-04-12,True,1,2019-02-14,180441,2019-02-15,36.0,本公司董事會決議召開108年股東常會公告,2019-06-18,2019-04-20,2019-04-12
6271,2019-04-15,True,1,2019-03-15,170001,2019-03-18,18.0,本公司董事會決議召開108年股東常會,2019-06-21,2019-04-23,2019-04-15
6271,2020-03-26,True,1,2020-03-18,172232,2020-03-19,5.0,本公司董事會決議召開109年股東常會,2020-06-05,2020-04-07,2020-03-26
6278,2019-04-03,True,1,2019-03-22,174158,2019-03-25,7.0,公告本公司董事會決議召開108年股東常會相關事宜,2019-06-13,2019-04-15,2019-04-03
6278,2021-04-19,True,1,2021-03-19,162429,2021-03-22,18.0,公告本公司董事會決議召開110年股東常會相關事宜,2021-06-25,2021-04-27,2021-04-19
6278,2023-04-10,True,1,2023-03-10,182915,2023-03-13,17.0,公告本公司董事會決議召開112年股東常會相關事宜,2023-06-16,2023-04-18,2023-04-10
6278,2025-04-11,True,1,2025-03-10,194757,2025-03-11,21.0,公告本公司董事會決議召開114年股東常會相關事宜,2025-06-19,2025-04-21,2025-04-11
6283,2019-04-02,True,1,2019-03-23,135953,2019-03-25,6.0,淳安電子公司董事會決議召開108年度股東常會公告,2019-06-10,2019-04-12,2019-04-02
6285,2018-04-09,True,1,2018-03-14,172612,2018-03-15,14.0,董事會決議召開一百零七年股東常會,2018-06-15,2018-04-17,2018-04-09
6285,2023-03-28,True,1,2023-03-10,171907,2023-03-13,11.0,董事會決議召開一一二年股東常會,2023-06-07,2023-04-09,2023-03-28
6288,2021-03-30,True,1,2021-03-18,210053,2021-03-19,7.0,本公司董事會決議召開110年股東常會相關事宜,2021-06-07,2021-04-09,2021-03-30
6288,2022-03-18,True,1,2022-03-09,190110,2022-03-10,6.0,本公司董事會決議召開111年股東常會相關事宜,2022-05-26,2022-03-28,2022-03-18
6288,2023-03-17,True,1,2023-02-24,084150,2023-02-24,13.0,本公司董事會決議召開112年股東常會相關事宜,2023-05-24,2023-03-26,2023-03-17
6414,2018-04-20,True,1,2018-03-30,225341,2018-04-02,11.0,公告本公司董事會決議召開一Ｏ七年股東常會事宜,2018-06-28,2018-04-30,2018-04-20
6414,2020-04-17,True,1,2020-03-31,192230,2020-04-01,10.0,公告本公司董事會決議召開一Ｏ九年股東常會事宜,2020-06-23,2020-04-25,2020-04-17
6414,2021-04-16,True,1,2021-03-29,184911,2021-03-30,11.0,公告本公司董事會決議召開110年股東常會事宜,2021-06-23,2021-04-25,2021-04-16
6414,2022-04-15,True,1,2022-03-22,160920,2022-03-23,15.0,公告本公司董事會決議召開111年股東常會事宜,2022-06-23,2022-04-25,2022-04-15
6414,2023-03-24,True,1,2023-03-08,171249,2023-03-09,11.0,公告本公司董事會決議召開112年股東常會事宜,2023-05-30,2023-04-01,2023-03-24
6415,2024-03-22,True,1,2024-03-12,161106,2024-03-13,7.0,本公司董事會決議召開2024年股東常會,2024-05-30,2024-04-01,2024-03-22
6426,2024-03-28,True,1,2024-03-08,171437,2024-03-11,13.0,公告本公司董事會決議召開113年股東常會,2024-06-07,2024-04-09,2024-03-28
6438,2021-03-25,True,2,2021-03-05,173907,2021-03-08,13.0,董事會決議召開一一○年股東常會公告,2021-05-31,2021-04-02,2021-03-25
6442,2025-03-21,True,1,2025-03-07,172457,2025-03-10,9.0,本公司董事會通過召集114年股東常會相關事宜,2025-05-28,2025-03-30,2025-03-21
6443,2025-03-17,True,1,2025-03-05,172642,2025-03-06,7.0,公告本公司董事會決議召開114年股東常會,2025-05-23,2025-03-25,2025-03-17
6449,2021-04-16,True,1,2021-02-25,210315,2021-02-26,32.0,公告本公司董事會決議召開股東常會,2021-06-24,2021-04-26,2021-04-16
6451,2018-04-13,True,1,2018-03-14,172303,2018-03-15,18.0,公告董事會決議2018年股東常會召集相關事項,2018-06-19,2018-04-21,2018-04-13
6451,2019-04-18,True,1,2019-03-22,144347,2019-03-25,16.0,公告董事會決議2019年股東常會召集相關事項,2019-06-24,2019-04-26,2019-04-18
6451,2020-04-09,True,1,2020-03-25,181733,2020-03-26,8.0,公告董事會決議2019年股東常會召集相關事項,2020-06-15,2020-04-17,2020-04-09
6451,2026-04-20,True,1,2026-03-11,164511,2026-03-12,25.0,公告董事會決議2026年股東常會召集相關事項,2026-06-26,2026-04-28,2026-04-20
6452,2019-04-22,True,1,2019-03-12,180935,2019-03-13,26.0,公告董事會決議2019年股東常會召集相關事項,2019-06-28,2019-04-30,2019-04-22
6456,2018-03-28,True,1,2018-03-05,173230,2018-03-06,16.0,公告本公司董事會決議召開2018年股東常會,2018-06-05,2018-04-07,2018-03-27
6456,2019-03-22,True,1,2019-03-05,195315,2019-03-06,12.0,公告本公司董事會決議召開2019年股東常會,2019-05-29,2019-03-31,2019-03-22
6477,2021-03-22,True,1,2021-02-24,171451,2021-02-25,16.0,公告本公司董事會決議召開110年股東常會相關事宜,2021-05-28,2021-03-30,2021-03-22
6477,2022-03-18,True,1,2022-02-25,171855,2022-03-01,13.0,公告本公司董事會決議召開111年股東常會相關事宜,2022-05-26,2022-03-28,2022-03-18
6477,2023-03-24,True,1,2023-02-23,171452,2023-02-24,18.0,公告本公司董事會決議召開112年股東常會相關事宜,2023-05-30,2023-04-01,2023-03-24
6477,2025-03-14,True,1,2025-02-27,171218,2025-03-03,9.0,公告本公司董事會決議召開114年股東常會相關事宜,2025-05-22,2025-03-24,2025-03-14
6525,2019-03-27,True,2,2019-01-14,172119,2019-01-15,42.0,公告本公司董事會決議召開108年股東常會,2019-06-05,2019-04-07,2019-03-27
6531,2018-04-02,True,2,2018-03-16,142353,2018-03-19,10.0,本公司董事會決議召開107年股東常會,2018-06-11,2018-04-13,2018-04-02
6531,2021-04-09,True,2,2021-03-12,164616,2021-03-15,17.0,本公司董事會決議召開110年股東常會,2021-06-17,2021-04-19,2021-04-09
6533,2019-04-12,True,1,2019-03-15,183332,2019-03-18,17.0,本公司董事會決議召開民國108年股東常會,2019-06-18,2019-04-20,2019-04-12
6533,2020-04-10,True,1,2020-03-03,203519,2020-03-04,25.0,本公司董事會決議召開民國109年股東常會,2020-06-18,2020-04-20,2020-04-10
6533,2023-03-24,True,1,2023-03-08,203542,2023-03-09,11.0,本公司董事會決議召開民國112年股東常會,2023-05-31,2023-04-02,2023-03-24
6552,2018-03-05,True,1,2018-02-12,163949,2018-02-21,7.0,公告本公司董事會決議召開民國107年股東常會相關事宜,2018-05-11,2018-03-13,2018-03-05
6552,2019-04-03,True,1,2019-03-11,162030,2019-03-12,16.0,公告本公司董事會決議召開民國108年股東常會相關事宜,2019-06-11,2019-04-13,2019-04-03
6552,2020-04-01,True,1,2020-03-16,163525,2020-03-17,11.0,公告本公司董事會決議召開民國109年股東常會相關事宜,2020-06-10,2020-04-12,2020-04-01
6558,2020-04-09,True,1,2020-03-25,232901,2020-03-26,8.0,本公司董事會決議109年股東常會開會內容公告,2020-06-15,2020-04-17,2020-04-09
6582,2022-04-22,True,1,2022-02-25,201336,2022-03-01,36.0,董事會決議召開111年股東常會,2022-06-29,2022-05-01,2022-04-22
6582,2023-03-24,True,1,2023-02-21,191705,2023-02-22,20.0,董事會決議召開112年股東常會,2023-05-30,2023-04-01,2023-03-24
6625,2024-04-12,True,1,2024-03-06,184421,2024-03-07,24.0,公告本公司董事會決議召開113年股東常會,2024-06-18,2024-04-20,2024-04-12
6670,2023-04-14,True,1,2023-03-24,170806,2023-03-27,11.0,公告本公司董事會決議召開112年股東常會相關事宜（召開方式：視訊輔助股東會）,2023-06-21,2023-04-23,2023-04-14
6670,2025-04-11,True,1,2025-03-11,163054,2025-03-12,20.0,公告本公司董事會決議召開114年股東常會相關事宜（召開方式：視訊輔助股東會）,2025-06-19,2025-04-21,2025-04-11
6706,2023-04-06,True,1,2023-03-17,182625,2023-03-20,10.0,本公司董事會決議召開112年股東常會事宜,2023-06-12,2023-04-14,2023-04-06
6706,2024-04-08,True,1,2024-03-07,172649,2024-03-08,19.0,本公司董事會決議召開113年股東常會事宜,2024-06-14,2024-04-16,2024-04-08
6715,2024-04-03,True,1,2024-03-11,164239,2024-03-12,16.0,公告本公司董事會決議召開民國113年股東常會,2024-06-12,2024-04-14,2024-04-03
6756,2023-04-10,True,1,2023-03-09,143256,2023-03-10,18.0,公告董事會決議召開112年股東常會日期及相關事宜,2023-06-16,2023-04-18,2023-04-10
6768,2025-03-17,True,1,2025-03-05,172459,2025-03-06,7.0,本公司董事會決議114年股東常會相關事宜之資訊,2025-05-23,2025-03-25,2025-03-17
6770,2023-03-24,True,1,2023-02-21,211519,2023-02-22,20.0,公告本公司董事會決議召開112年股東常會相關事宜,2023-05-30,2023-04-01,2023-03-24
6806,2025-03-21,True,2,2025-03-06,214352,2025-03-07,10.0,董事會決議召開113年股東常會,2025-05-27,2025-03-29,2025-03-21
6806,2026-04-16,True,1,2026-03-13,164057,2026-03-16,21.0,董事會決議召開115年股東常會,2026-06-22,2026-04-24,2026-04-16
6854,2025-04-21,True,1,2025-02-26,183810,2025-02-27,34.0,公告本公司董事會決議通過召開114年股東常會,2025-06-27,2025-04-29,2025-04-21
6869,2024-04-19,True,1,2024-03-05,191517,2024-03-06,30.0,公告本公司董事會通過召集113年股東常會相關事宜,2024-06-27,2024-04-29,2024-04-19
8016,2019-04-19,True,1,2019-03-15,161919,2019-03-18,22.0,本公司董事會決議召集108年股東常會,2019-06-26,2019-04-28,2019-04-19
8016,2022-04-15,True,1,2022-03-17,141018,2022-03-18,18.0,本公司董事會決議召集111年股東常會,2022-06-23,2022-04-25,2022-04-15
8028,2020-03-19,True,1,2020-02-25,200457,2020-02-26,15.0,公告本公司董事會決議召開109年股東常會,2020-05-25,2020-03-27,2020-03-19
8028,2021-03-22,True,1,2021-02-23,140150,2021-02-24,17.0,公告本公司董事會決議召開110年股東常會,2021-05-28,2021-03-30,2021-03-22
8028,2023-03-20,True,1,2023-03-09,172405,2023-03-10,6.0,公告本公司董事會決議召開112年股東常會,2023-05-26,2023-03-28,2023-03-20
8028,2025-03-20,True,1,2025-02-24,171007,2025-02-25,16.0,公告本公司董事會決議召開114年股東常會,2025-05-26,2025-03-28,2025-03-20
8046,2019-04-08,True,1,2019-03-20,175858,2019-03-21,10.0,公告本公司董事會決議召開股東常會相關事宜,2019-06-14,2019-04-16,2019-04-08
8046,2021-03-22,True,1,2021-02-25,143057,2021-02-26,15.0,公告本公司董事會決議召開股東常會相關事宜,2021-05-28,2021-03-30,2021-03-22
8046,2022-03-21,True,1,2022-02-25,142505,2022-03-01,14.0,公告本公司董事會決議召開股東常會相關事宜,2022-05-27,2022-03-29,2022-03-21
8046,2023-03-17,True,1,2023-02-24,143334,2023-03-01,12.0,公告本公司董事會決議召開股東常會相關事宜,2023-05-23,2023-03-25,2023-03-17
8046,2024-03-22,True,1,2024-02-29,150323,2024-03-01,15.0,公告本公司董事會決議召開股東常會相關事宜,2024-05-28,2024-03-30,2024-03-22
8046,2025-03-21,True,1,2025-02-27,160424,2025-03-03,14.0,公告本公司董事會決議召開股東常會相關事宜,2025-05-27,2025-03-29,2025-03-21
8070,2021-04-09,True,2,2021-03-17,185133,2021-03-18,14.0,公告長華電材董事會決議召開民國一一○年股東常會,2021-06-17,2021-04-19,2021-04-09
8081,2023-04-07,True,1,2023-03-15,144410,2023-03-16,13.0,本公司董事會決議召開112年股東常會,2023-06-14,2023-04-16,2023-04-07
8103,2022-04-15,True,1,2022-03-23,161720,2022-03-24,14.0,公告本公司董事會決議召開111年股東常會,2022-06-23,2022-04-25,2022-04-15
8104,2022-04-15,True,1,2022-03-21,173222,2022-03-22,16.0,董事會決議召開本公司111年股東常會相關事宜,2022-06-23,2022-04-25,2022-04-15
8105,2018-04-20,True,1,2018-03-22,175342,2018-03-23,17.0,本公司董事會決議召開一○七年度股東常會之公告,2018-06-26,2018-04-28,2018-04-20
8105,2019-04-19,True,1,2019-03-21,173551,2019-03-22,18.0,本公司董事會決議召開一○八年度股東常會之公告,2019-06-26,2019-04-28,2019-04-19
8105,2021-04-22,True,1,2021-03-23,175401,2021-03-24,19.0,公告本公司董事會決議召開一一0年度股東常會,2021-06-30,2021-05-02,2021-04-22
8110,2018-04-13,True,1,2018-02-23,163819,2018-02-26,30.0,本公司董事會決議召開107年股東常會,2018-06-21,2018-04-23,2018-04-13
8110,2021-04-16,True,1,2021-02-25,204825,2021-02-26,32.0,本公司董事會決議召開110年股東常會,2021-06-23,2021-04-25,2021-04-16
8112,2018-04-09,True,1,2018-03-16,164459,2018-03-19,12.0,公告本公司董事會決議召開107年股東常會相關事宜,2018-06-15,2018-04-17,2018-04-09
8112,2025-03-21,True,1,2025-03-10,193828,2025-03-11,8.0,公告本公司董事會決議召開114年股東常會,2025-05-27,2025-03-29,2025-03-21
8163,2019-04-03,True,1,2019-03-07,175552,2019-03-08,18.0,本公司董事會決議召開一○八年股東常會公告,2019-06-13,2019-04-15,2019-04-03
8210,2024-03-21,True,2,2024-01-17,154637,2024-01-18,37.0,本公司召開112年度股東常會日期及相關事宜公告,2024-05-27,2024-03-29,2024-03-21
8213,2019-04-03,True,1,2019-03-21,150805,2019-03-22,8.0,公告本公司董事會決議召開108年股東常會事宜,2019-06-12,2019-04-14,2019-04-03
8261,2019-03-08,True,1,2019-01-17,133358,2019-01-18,26.0,公告本公司董事會決議召開一○八年股東常會相關事宜,2019-05-16,2019-03-18,2019-03-08
8261,2023-03-10,True,1,2023-02-21,160809,2023-02-22,10.0,公告本公司董事會決議召開一一二年股東常會相關事宜,2023-05-18,2023-03-20,2023-03-10
8271,2018-03-26,True,1,2018-02-23,172916,2018-02-26,19.0,董事會決議召開民國107年股東常會,2018-05-30,2018-04-01,2018-03-23
8341,2018-03-22,True,1,2018-02-27,161356,2018-03-01,15.0,公告本公司董事會決議召開107年度股東常會,2018-05-28,2018-03-30,2018-03-22
8341,2019-03-25,True,1,2019-02-26,173303,2019-02-27,16.0,公告本公司董事會決議召開108年度股東常會,2019-05-31,2019-04-02,2019-03-25
8374,2025-03-17,True,1,2025-02-24,183745,2025-02-25,13.0,公告本公司民國114年股東常會召開日期及召集事由,2025-05-23,2025-03-25,2025-03-17
8404,2018-04-03,True,1,2018-03-16,170528,2018-03-19,11.0,公告本公司董事會決議召開107年股東常會事宜,2018-06-12,2018-04-14,2018-04-03
8462,2020-03-25,True,1,2020-03-13,190947,2020-03-16,7.0,公告本公司董事會決議召開109年股東常會事宜,2020-06-03,2020-04-05,2020-03-25
8478,2025-04-02,True,1,2025-03-03,172348,2025-03-04,21.0,公告本公司董事會決議召開114年股東常會相關事宜,2025-06-11,2025-04-13,2025-04-02
8482,2020-03-20,True,1,2020-03-10,164507,2020-03-11,7.0,公告本公司董事會決議召開股東會相關訊息,2020-05-27,2020-03-29,2020-03-20
8996,2022-04-08,True,1,2022-03-25,183540,2022-03-28,7.0,公告本公司董事會決議召開111年股東會相關事宜,2022-06-16,2022-04-18,2022-04-08
8996,2023-04-07,True,1,2023-03-22,183903,2023-03-23,8.0,公告本公司董事會決議召開112年股東會相關事宜,2023-06-13,2023-04-15,2023-04-07
8996,2025-03-17,True,1,2025-03-05,164326,2025-03-06,7.0,公告本公司董事會決議召開114年股東會相關事宜,2025-05-23,2025-03-25,2025-03-17
8996,2026-03-23,True,2,2026-02-26,171207,2026-03-02,15.0,公告本公司董事會決議召開115年股東會相關事宜,2026-05-29,2026-03-31,2026-03-23
9103,2020-03-23,False,0,,,,,,,,
9103,2021-03-22,False,0,,,,,,,,
9105,2025-03-13,False,0,,,,,,,,
9802,2018-03-29,True,1,2018-03-08,165710,2018-03-09,14.0,本公司董事會決議107年股東常會相關事宜之資訊,2018-06-08,2018-04-10,2018-03-28
9802,2019-04-03,True,1,2019-03-08,145845,2019-03-11,17.0,本公司董事會決議108年股東常會相關事宜之資訊,2019-06-12,2019-04-14,2019-04-03
9906,2025-04-18,True,1,2025-03-12,115535,2025-03-12,25.0,本公司董事會決議召開一一四年股東常會及相關事宜,2025-06-25,2025-04-27,2025-04-18
9919,2020-04-01,True,1,2020-02-24,165525,2020-02-25,25.0,召開本公司民國109年股東常會,2020-06-11,2020-04-13,2020-04-01
9919,2021-04-12,True,2,2021-02-24,142018,2021-02-25,29.0,召開本公司民國110年股東常會,2021-06-18,2021-04-20,2021-04-12
9919,2022-04-08,True,1,2022-02-25,154606,2022-03-01,26.0,召開本公司民國111年股東常會,2022-06-16,2022-04-18,2022-04-08
9919,2024-04-03,True,1,2024-02-27,151247,2024-02-29,24.0,召開本公司民國113年股東常會,2024-06-12,2024-04-14,2024-04-03
9945,2023-03-29,True,1,2023-03-14,181326,2023-03-15,10.0,公告本公司董事會決議召開民國112年股東常會之相關訊息,2023-06-09,2023-04-11,2023-03-29
9955,2025-04-11,True,1,2025-03-11,141635,2025-03-12,20.0,董事會決議召開114年度股東常會相關事宜,2025-06-19,2025-04-21,2025-04-11
9958,2018-04-13,True,1,2018-03-20,170205,2018-03-21,14.0,公告本公司董事會決議召開107年股東常會相關事宜,2018-06-20,2018-04-22,2018-04-13
9958,2019-04-18,True,1,2019-03-20,160630,2019-03-21,18.0,公告本公司董事會決議召開108年股東常會相關事宜,2019-06-24,2019-04-26,2019-04-18
9958,2020-04-10,True,1,2020-03-17,143542,2020-03-18,15.0,公告本公司董事會決議召開109年股東常會相關事宜,2020-06-17,2020-04-19,2020-04-10
9958,2023-04-13,True,2,2023-03-28,165453,2023-03-29,8.0,公告本公司董事會決議召開112年股東常會相關事宜,2023-06-19,2023-04-21,2023-04-13
9958,2024-04-22,True,2,2024-03-08,170758,2024-03-11,28.0,公告本公司董事會決議召開113年股東常會相關事宜,2024-06-28,2024-04-30,2024-04-22
